kab,penerimaan,pengeluaran,jumlah_art
Bengkulu Tengah,51180000,25352285.71,3
Bengkulu Tengah,6310000,27823342.86,3
Kota Bengkulu,4500000,36881428.57,3
Bengkulu Tengah,22640000,24470000,3
Kota Bengkulu,26764285,22901285.71,1
Bengkulu Tengah,92400000,93972000,1
Bengkulu Tengah,10538371,29373142.86,7
Bengkulu Tengah,14899824,16077285.71,4
Kaur,26100000,33354285.71,3
Bengkulu Tengah,28510000,28444585.71,3
Bengkulu Tengah,22730634,31040000,2
Bengkulu Tengah,27027619,15714000,3
Bengkulu Tengah,11800081,13564285.71,2
Bengkulu Tengah,13521000,20828142.86,1
Bengkulu Tengah,12212000,12232000,1
Bengkulu Tengah,40551796,44350285.71,6
Bengkulu Tengah,14400000,16987285.71,2
Bengkulu Tengah,23020000,25073428.57,2
Bengkulu Tengah,155340000,90778714.29,3
Bengkulu Tengah,23000000,27430000,3
Bengkulu Tengah,23698668,22845714.29,3
Bengkulu Tengah,4574930,39407142.86,6
Bengkulu Tengah,15889285,23619885.71,5
Kaur,59375000,42353142.86,3
Bengkulu Tengah,40050000,41660428.57,4
Bengkulu Tengah,11280000,10105714.29,1
Bengkulu Tengah,24233218,31878428.57,4
Bengkulu Tengah,24400000,27984971.43,4
Bengkulu Tengah,30830000,58990000,6
Bengkulu Tengah,79200000,63026285.71,2
Bengkulu Tengah,22500000,43919428.57,2
Bengkulu Tengah,54885714,54693142.86,5
Bengkulu Tengah,122600000,122051142.9,3
Bengkulu Tengah,14440000,9211285.714,1
Kota Bengkulu,64800000,55553142.86,3
Bengkulu Tengah,40200000,21127428.57,3
Bengkulu Tengah,60919000,96370285.71,4
Bengkulu Tengah,17172857,17147108.86,4
Bengkulu Tengah,10140000,32906428.57,4
Bengkulu Tengah,11557718,11918857.14,1
Bengkulu Tengah,35184000,34256000,6
Kaur,21131000,26555285.71,3
Bengkulu Tengah,39868000,44311714.29,3
Bengkulu Tengah,25406666,28550714.29,4
Bengkulu Tengah,15890000,35357142.86,5
Kaur,17281838,36263857.14,5
Bengkulu Tengah,21600000,32679285.71,3
Kaur,27892000,46693142.86,7
Kaur,35125000,34207785.71,5
Bengkulu Tengah,141400000,93144142.86,6
Kota Bengkulu,43400000,114105714.3,5
Kaur,903400000,23074285.71,5
Bengkulu Tengah,17780000,25243428.57,2
Bengkulu Tengah,42797142,21851428.57,1
Bengkulu Tengah,22900000,28474857.14,7
Bengkulu Tengah,15600000,21675714.29,4
Bengkulu Tengah,13002000,15711714.29,1
Bengkulu Tengah,39331182,59251428.57,5
Kota Bengkulu,18100000,27274000,2
Bengkulu Tengah,28152536,36072000,8
Kaur,19100000,18231571.43,2
Bengkulu Tengah,14629534,14872428.57,1
Bengkulu Tengah,43236000,31289285.71,4
Bengkulu Tengah,25632000,25446571.43,4
Bengkulu Tengah,27463779,21759857.14,3
Bengkulu Tengah,25588000,26389714.29,4
Bengkulu Tengah,7500000,19584285.71,4
Kaur,29055000,28733142.86,4
Bengkulu Tengah,11270000,23192000,2
Bengkulu Tengah,13900000,13944285.71,1
Kota Bengkulu,19880000,28639142.86,3
Bengkulu Tengah,8680000,21003285.71,2
Bengkulu Tengah,13341511,14991285.71,1
Kaur,11720000,22330000,2
Bengkulu Tengah,45860142,46834714.29,6
Kaur,51868000,46093657.14,4
Bengkulu Tengah,88210600,41673428.57,4
Kota Bengkulu,23420000,18706000,2
Bengkulu Tengah,-3850000,26916857.14,3
Bengkulu Tengah,223740000,102737285.7,3
Bengkulu Tengah,1715000,28110571.43,5
Bengkulu Tengah,4878000,6944428.571,1
Kaur,25100000,24090142.86,4
Bengkulu Tengah,23226000,28889142.86,2
Bengkulu Tengah,54277000,32467285.71,6
Bengkulu Tengah,56100000,38188857.14,6
Bengkulu Tengah,11020000,16876785.71,5
Bengkulu Tengah,45800000,18348571.43,3
Kaur,17470000,15834714.29,2
Kaur,54000000,23606571.43,5
Kaur,22650714,15926142.86,1
Bengkulu Tengah,24299523,32860714.29,3
Bengkulu Tengah,19200000,23507071.43,3
Bengkulu Tengah,55350000,54360571.43,4
Kaur,29000000,68576857.14,6
Bengkulu Tengah,29073568,50271428.57,4
Bengkulu Tengah,1643000,3849142.857,1
Bengkulu Tengah,41840000,41795857.14,4
Bengkulu Tengah,33169068,72746000,2
Bengkulu Tengah,48265000,79856680,7
Kaur,20060000,51738142.86,3
Kota Bengkulu,51454000,29161714.29,4
Bengkulu Tengah,10360000,10224857.14,1
Bengkulu Tengah,7407645,9905428.571,1
Bengkulu Tengah,45600000,28023571.43,4
Bengkulu Tengah,7506000,12452000,1
Kaur,29880000,30910857.14,3
Bengkulu Tengah,65514285,33880000,3
Bengkulu Tengah,6592000,6964285.714,1
Bengkulu Tengah,6613814,24960000,4
Bengkulu Tengah,27807557,33768571.43,5
Bengkulu Tengah,37122967,35226250,4
Bengkulu Tengah,12528000,12880428.57,2
Kaur,15402857,16046714.29,4
Bengkulu Tengah,18500000,29264142.86,4
Bengkulu Tengah,37055429,21780000,3
Bengkulu Tengah,42182000,45355428.57,4
Kaur,49785714,51253142.86,1
Bengkulu Tengah,13933652,43962571.43,3
Bengkulu Tengah,15950000,17688714.29,5
Bengkulu Tengah,26100000,22179857.14,4
Bengkulu Tengah,15584000,15542000,1
Bengkulu Tengah,17450000,15759142.86,4
Bengkulu Tengah,18940000,24659428.57,6
Bengkulu Tengah,4800000,37055714.29,2
Kaur,18171428,17580000,3
Bengkulu Tengah,32800000,24659142.86,5
Kaur,77582038,71454840,5
Bengkulu Tengah,138400000,108811000,3
Bengkulu Tengah,57840000,29866142.86,4
Kaur,74913000,34615857.14,2
Bengkulu Tengah,38100000,31425571.43,2
Bengkulu Tengah,28224000,18807714.29,1
Bengkulu Tengah,3431533,42388142.86,7
Bengkulu Tengah,39220000,19889285.71,4
Kota Bengkulu,41022840,47300840,2
Bengkulu Tengah,41854000,41343714.29,2
Bengkulu Tengah,24282000,40471714.29,5
Bengkulu Tengah,14746148,40926714.29,2
Bengkulu Tengah,19017814,33849857.14,4
Bengkulu Tengah,53893500,17549428.57,4
Bengkulu Tengah,31628572,31992142.86,6
Bengkulu Tengah,61066000,57712714.29,9
Kaur,21850000,20855714.29,5
Bengkulu Tengah,13315057,24766874.29,4
Kaur,75250000,73382857.14,9
Bengkulu Tengah,3750000,4686428.571,1
Kaur,34121428,30046428.57,3
Bengkulu Tengah,20496892,28460857.14,3
Bengkulu Tengah,25072000,36196857.14,3
Kaur,41800000,35660714.29,4
Bengkulu Tengah,21107557,34944285.71,5
Bengkulu Tengah,7976944,25283142.86,3
Bengkulu Tengah,11800000,24899571.43,4
Bengkulu Tengah,24685185,22466000,3
Kaur,4800000,11539000,1
Kaur,16983571,17350000,2
Bengkulu Tengah,20000000,35905571.43,2
Kaur,22780000,25559785.71,2
Bengkulu Tengah,8730634,28236000,4
Bengkulu Tengah,23700000,21855714.29,4
Bengkulu Tengah,75920000,65820000,5
Bengkulu Tengah,18000000,37758285.71,4
Kota Bengkulu,22920000,22906857.14,5
Bengkulu Tengah,32380000,37153714.29,5
Bengkulu Tengah,36964286,29992714.29,6
Bengkulu Tengah,57696228,34609071.43,4
Bengkulu Tengah,27216000,26670428.57,4
Bengkulu Tengah,12876800,11903714.29,1
Bengkulu Tengah,19240000,21219714.29,5
Bengkulu Tengah,35570000,35375285.71,4
Bengkulu Tengah,18200000,49330000,4
Bengkulu Tengah,9066046,22900000,2
Bengkulu Tengah,26055754,25497857.14,3
Bengkulu Tengah,3036000,8378000,1
Bengkulu Tengah,34400000,31264285.71,3
Bengkulu Tengah,44100000,35005142.86,3
Bengkulu Tengah,5420000,9642142.857,4
Bengkulu Tengah,24661336,26778142.86,2
Bengkulu Tengah,8200000,28262285.71,7
Bengkulu Tengah,26810000,24154428.57,4
Bengkulu Tengah,23244955,30698000,2
Bengkulu Tengah,37730000,46231142.86,2
Bengkulu Tengah,8992285,9543142.857,1
Bengkulu Tengah,2748000,8719714.286,1
Bengkulu Tengah,11960937,14448571.43,5
Bengkulu Tengah,19928000,26842571.43,6
Bengkulu Tengah,16598000,14753428.57,6
Bengkulu Tengah,121840000,120853714.3,3
Kaur,11623113,21166285.71,2
Bengkulu Tengah,34600000,33394000,4
Bengkulu Tengah,11428000,16041714.29,1
Kaur,34511000,25628285.71,6
Bengkulu Tengah,19360000,19325714.29,1
Kaur,24600000,19884571.43,2
Bengkulu Tengah,35545000,36147857.14,6
Bengkulu Tengah,37803000,52217142.86,6
Bengkulu Tengah,60805000,61897285.71,2
Bengkulu Tengah,18049000,25013571.43,4
Bengkulu Tengah,42468819,53598571.43,4
Bengkulu Tengah,22760000,50631994.29,5
Bengkulu Tengah,19852000,32880000,4
Bengkulu Tengah,14041547,27547874.29,3
Bengkulu Tengah,72500000,62101142.86,5
Bengkulu Tengah,15500000,19348714.29,1
Kaur,70200000,24980000,2
Kaur,25278571,25255214.29,3
Bengkulu Tengah,23869255,23269142.86,2
Kaur,25785000,26222571.43,4
Kaur,19835000,19679000,2
Bengkulu Tengah,41500000,25101714.29,2
Bengkulu Tengah,16948142,16948142.86,1
Bengkulu Tengah,11201428,10601428.57,1
Bengkulu Tengah,44830000,42315857.14,8
Bengkulu Tengah,19225000,46907000,6
Bengkulu Tengah,42235000,33132714.29,9
Bengkulu Tengah,11790000,17127714.29,5
Bengkulu Tengah,18046116,26354285.71,5
Bengkulu Tengah,362720000,66561428.57,3
Bengkulu Tengah,2141511,10189714.29,2
Bengkulu Tengah,26920000,26618571.43,4
Kaur,36044285,34912428.57,6
Bengkulu Tengah,11375097,14862857.14,2
Bengkulu Tengah,5699500,15904857.14,4
Bengkulu Tengah,18986499,37022571.43,6
Bengkulu Tengah,14291857,13855428.57,1
Bengkulu Tengah,7061482,28485714.29,5
Kota Bengkulu,24000000,24036571.43,2
Bengkulu Tengah,9580000,15154428.57,2
Bengkulu Tengah,12992000,36718714.29,5
Bengkulu Tengah,28650000,47437142.86,4
Bengkulu Tengah,4750000,22765000,2
Bengkulu Tengah,76637091,47134571.43,5
Bengkulu Tengah,12000000,15295857.14,2
Bengkulu Tengah,16600000,54221498.29,2
Kaur,7235000,4838142.857,1
Bengkulu Tengah,76164986,57634428.57,5
Bengkulu Tengah,21700000,33095428.57,2
Bengkulu Tengah,7287000,12659357.14,3
Kota Bengkulu,10309499,34337857.14,2
Bengkulu Tengah,33046046,99217142.86,4
Kaur,33340000,32761214.29,2
Bengkulu Tengah,53840000,56059000,2
Bengkulu Tengah,26393272,44085285.71,5
Kota Bengkulu,52000000,54515000,1
Kota Bengkulu,-8000000,79540000,3
Bengkulu Tengah,62050000,33437142.86,5
Kaur,70507716,35233571.43,6
Bengkulu Tengah,27380000,20014000,2
Kaur,48000000,14951428.57,2
Bengkulu Tengah,3210000,7373714.286,1
Bengkulu Tengah,24200000,24117857.14,3
Kota Bengkulu,13830000,13922857.14,1
Kaur,1805000,5037857.143,1
Bengkulu Tengah,39715000,37519142.86,2
Bengkulu Tengah,24840000,29825714.29,4
Bengkulu Tengah,4195378,16617857.14,2
Kaur,26480624,19274857.14,5
Bengkulu Tengah,13316290,15900857.14,2
Bengkulu Tengah,21220000,12554571.43,4
Bengkulu Tengah,27220000,25375857.14,4
Bengkulu Tengah,57528572,21336982.86,2
Bengkulu Tengah,30298000,43006857.14,3
Kota Bengkulu,65969000,39696571.43,4
Bengkulu Tengah,17660332,21530428.57,4
Bengkulu Tengah,38052150,22459000,4
Bengkulu Tengah,23461426,37904657.14,3
Kota Bengkulu,18650000,36192571.43,3
Bengkulu Tengah,8687378,16912000,8
Bengkulu Tengah,11860857,11276571.43,1
Bengkulu Tengah,28980000,28030284.86,3
Bengkulu Tengah,74780165,58613142.86,5
Bengkulu Tengah,37780000,47204285.71,2
Bengkulu Tengah,18200000,19840571.43,4
Bengkulu Tengah,41198830,36425142.86,3
Bengkulu Tengah,48100000,34500000,5
Bengkulu Tengah,1558000,6319428.571,1
Kota Bengkulu,86300000,67580571.43,7
Bengkulu Tengah,17914286,41582857.14,4
Bengkulu Tengah,11393814,22809428.57,3
Bengkulu Tengah,11333615,11923428.57,1
Bengkulu Tengah,18616872,26425714.29,5
Bengkulu Tengah,2884607,12866857.14,3
Bengkulu Tengah,3500000,3789357.143,1
Bengkulu Tengah,19810000,21217142.86,3
Bengkulu Tengah,8798194,23507857.14,3
Bengkulu Tengah,16592267,17688571.43,3
Bengkulu Tengah,15780000,20130714.29,2
Kaur,39271162,36051571.43,3
Bengkulu Tengah,68007000,46651428.57,6
Bengkulu Tengah,54960000,16725428.57,4
Bengkulu Tengah,6528000,7018000,1
Bengkulu Tengah,54960000,30951428.57,4
Bengkulu Tengah,31476450,25714285.71,5
Bengkulu Tengah,15600000,20191857.14,3
Bengkulu Tengah,3507500,24714710.29,2
Bengkulu Tengah,54170000,39961428.57,2
Bengkulu Tengah,30035000,24267000,5
Bengkulu Tengah,15156000,14239714.29,2
Bengkulu Tengah,8420000,13470714.29,5
Kaur,22881230,31806142.86,3
Bengkulu Tengah,49208500,42919000,7
Kaur,10789000,11120000,1
Bengkulu Tengah,4038459,6308571.429,1
Bengkulu Tengah,8788097,10462794.29,2
Kaur,63600000,26965714.29,5
Bengkulu Tengah,27212858,39366571.43,4
Kota Bengkulu,37600000,48949000,4
Bengkulu Tengah,14282964,39922285.71,6
Bengkulu Tengah,5012267,25068571.43,2
Bengkulu Tengah,16595000,70449857.14,6
Bengkulu Tengah,23400000,31655142.86,5
Bengkulu Tengah,23385715,35803857.14,3
Kota Bengkulu,54900000,54278285.71,4
Bengkulu Tengah,20646016,26109285.71,3
Bengkulu Tengah,16728348,19340714.29,3
Kaur,53825449,7334571.429,1
Bengkulu Tengah,26680000,31178697.14,6
Kaur,23580898,24400571.43,3
Bengkulu Tengah,52240000,51990714.29,3
Bengkulu Tengah,34013585,33999392.86,3
Bengkulu Tengah,7500000,41346857.14,4
Bengkulu Tengah,26900000,25837285.71,5
Bengkulu Tengah,38120000,37396571.43,6
Bengkulu Tengah,81000000,99331714.29,2
Bengkulu Tengah,18648743,30896428.57,2
Bengkulu Tengah,13600000,41314714.29,4
Bengkulu Tengah,25270000,74517000,3
Bengkulu Tengah,6075378,20239571.43,5
Bengkulu Tengah,15641494,47040000,8
Bengkulu Tengah,64666329,54789000,4
Bengkulu Tengah,12600000,8997857.143,2
Bengkulu Tengah,7761511,16654571.43,1
Bengkulu Tengah,17611236,28116857.14,3
Bengkulu Tengah,26837645,41279142.86,4
Bengkulu Tengah,139995437,143498428.6,2
Bengkulu Tengah,20090000,28140971.43,4
Bengkulu Tengah,27880000,22258857.14,2
Kaur,35139000,70849142.86,6
Bengkulu Tengah,48769068,49970285.71,4
Bengkulu Tengah,11537019,22494571.43,3
Bengkulu Tengah,10180000,25285714.29,3
Bengkulu Tengah,51352030,27538857.14,5
Bengkulu Tengah,104566000,70337285.71,4
Kaur,22700000,32801857.14,4
Bengkulu Tengah,17305714,21433000,6
Bengkulu Tengah,27720000,19806857.14,2
Kaur,37700000,23067714.29,4
Bengkulu Tengah,13354000,19572285.71,2
Bengkulu Tengah,5719991,33960571.43,3
Bengkulu Tengah,12023000,23289714.29,2
Bengkulu Tengah,5853779,8990857.143,1
Bengkulu Tengah,15234357,19077642.86,3
Kaur,30115000,35256142.86,3
Kaur,8262364,25888142.86,3
Bengkulu Tengah,26500000,25370857.14,3
Bengkulu Tengah,21800000,32480000,4
Bengkulu Tengah,18940000,23353714.29,3
Bengkulu Tengah,33517627,26120571.43,5
Bengkulu Tengah,14390500,36557714.29,5
Bengkulu Tengah,29050000,18258285.71,3
Bengkulu Tengah,41840000,120750000,2
Bengkulu Tengah,21000000,22542857.14,3
Bengkulu Tengah,7740000,16703714.29,4
Kota Bengkulu,32885000,37233571.43,2
Bengkulu Tengah,9341441,36480000,4
Kaur,9900000,14312714.29,2
Bengkulu Tengah,49400000,49300948.57,2
Bengkulu Tengah,8620000,22945142.86,1
Kota Bengkulu,27200000,32751142.86,3
Bengkulu Tengah,52200000,86657857.14,3
Kaur,39060000,51050714.29,2
Bengkulu Tengah,44800000,34258000,4
Kaur,131806190,84546523.14,6
Bengkulu Tengah,33580000,23992428.57,4
Bengkulu Tengah,61630228,39482857.14,7
Bengkulu Tengah,12100000,11975000,2
Bengkulu Tengah,16840000,26993285.71,4
Kota Bengkulu,67622857,62004857.14,5
Bengkulu Tengah,43730000,86433857.14,4
Bengkulu Tengah,7450286,10817714.29,1
Bengkulu Tengah,44630000,43444571.43,6
Bengkulu Tengah,35500000,22376142.86,5
Bengkulu Tengah,13508176,28643142.86,1
Bengkulu Tengah,30120000,14241500,2
Bengkulu Tengah,13438000,21053142.86,2
Bengkulu Tengah,6501428,20635428.57,4
Kaur,32964718,29302857.14,6
Bengkulu Tengah,22107557,20441142.86,3
Kaur,36440000,27443571.43,3
Bengkulu Tengah,19385000,22815182.86,1
Bengkulu Tengah,32640000,22544857.14,6
Bengkulu Tengah,5800000,21512285.71,4
Bengkulu Tengah,349600000,145051714.3,7
Bengkulu Tengah,26500000,26058857.14,3
Kaur,43600000,34698428.57,3
Kaur,29000000,40126285.71,4
Bengkulu Tengah,49160000,7770285.714,5
Kaur,20788000,20984500,2
Bengkulu Tengah,33296000,31227428.57,4
Bengkulu Tengah,33030000,26121142.86,4
Bengkulu Tengah,23360000,38142857.14,5
Bengkulu Tengah,7760000,7487857.143,1
Kaur,18504000,12576142.86,5
Kota Bengkulu,10950000,27688228.57,1
Bengkulu Tengah,14605100,29869142.86,4
Kota Bengkulu,56613000,86411000,5
Kaur,20936158,17210857.14,4
Bengkulu Tengah,10639964,22562142.86,3
Bengkulu Tengah,28433779,22669714.29,4
Bengkulu Tengah,72490000,72209942.86,5
Bengkulu Tengah,57170000,50947142.86,3
Bengkulu Tengah,10926000,13542285.71,4
Bengkulu Tengah,85620000,74400314.29,2
Bengkulu Tengah,40200000,28506428.57,2
Bengkulu Tengah,21905000,26995714.29,5
Bengkulu Tengah,18570000,33117714.29,3
Kaur,19531428,15195714.29,2
Bengkulu Tengah,22980723,15942857.14,1
Bengkulu Tengah,6700000,15140857.14,2
Bengkulu Tengah,31388572,30575714.29,3
Bengkulu Tengah,19910668,14991714.29,6
Kota Bengkulu,66542000,57201554.29,6
Kaur,29300000,26782142.86,3
Bengkulu Tengah,16618000,12639714.29,1
Kaur,36599000,34313285.71,4
Bengkulu Tengah,37160000,25447571.43,3
Bengkulu Tengah,26440000,26394000,3
Bengkulu Tengah,8368520,39392854.14,3
Bengkulu Tengah,48270000,52323142.86,5
Bengkulu Tengah,4627511,7107942.857,1
Bengkulu Tengah,45851000,52914000,4
Bengkulu Tengah,68980072,53112857.14,4
Bengkulu Tengah,41600000,72037142.86,3
Bengkulu Tengah,22738571,26794428.57,3
Kaur,146000000,17442857.14,2
Kota Bengkulu,47900000,80414285.71,5
Bengkulu Tengah,5984534,8222142.857,1
Kaur,473820000,124816000,3
Bengkulu Tengah,11236000,14978571.43,3
Bengkulu Tengah,8840000,22742857.14,8
Bengkulu Tengah,17364000,20878485.71,3
Bengkulu Tengah,12200000,11067714.29,2
Bengkulu Tengah,30500000,18771714.29,3
Bengkulu Tengah,6827500,34200142.86,4
Bengkulu Tengah,21320000,22107857.14,3
Bengkulu Tengah,46800000,35793857.14,3
Bengkulu Tengah,30693720,43189428.57,3
Bengkulu Tengah,7600000,46235142.86,2
Bengkulu Tengah,38814286,29679714.29,4
Bengkulu Tengah,27383031,16187142.86,2
Bengkulu Tengah,245609176,255220571.4,4
Bengkulu Tengah,52860000,29695857.14,3
Bengkulu Tengah,44450000,46480642.86,8
Bengkulu Tengah,24017070,25348285.71,4
Bengkulu Tengah,37707469,23345428.57,3
Kaur,39984000,36526500,3
Bengkulu Tengah,68480000,56508857.14,5
Bengkulu Tengah,4100000,9136285.714,1
Bengkulu Tengah,9200712,21266428.57,6
Kota Bengkulu,36300000,39563714.29,2
Bengkulu Tengah,29845284,26867142.86,2
Bengkulu Tengah,58470821,56479142.86,4
Kaur,37790000,25844428.57,4
Kaur,40770500,28818000,4
Kaur,34500000,38152142.86,3
Kaur,12300000,16137142.86,2
Kaur,19665000,27812714.29,4
Bengkulu Tengah,17205000,39713142.86,4
Kaur,39444000,22324571.43,5
Bengkulu Tengah,18792395,17522857.14,3
Kota Bengkulu,26200000,26470000,3
Bengkulu Tengah,48000000,49348857.14,3
Bengkulu Tengah,42816000,32725857.14,3
Kota Bengkulu,46800000,24501857.14,2
Kaur,122600000,74384000,5
Kota Bengkulu,17450000,17674000,3
Bengkulu Tengah,49095000,37506142.86,4
Bengkulu Tengah,20784916,28620000,3
Bengkulu Tengah,6704364,35700000,3
Bengkulu Tengah,13010000,15574428.57,3
Kota Bengkulu,98675000,79242857.14,3
Bengkulu Tengah,71035000,27585142.86,3
Bengkulu Tengah,47263000,51239857.14,5
Kaur,25464000,25422142.86,4
Kaur,25820000,29686285.71,4
Bengkulu Tengah,49090000,46219428.57,6
Bengkulu Tengah,4550756,17152857.14,4
Kaur,102720000,76563094.57,4
Kaur,39150000,29376285.71,5
Bengkulu Tengah,20153779,25432865.14,4
Bengkulu Tengah,25522935,35720571.43,5
Bengkulu Tengah,137730000,102630428.6,5
Bengkulu Tengah,85623000,80871085.71,3
Kota Bengkulu,33071428,12667428.57,1
Bengkulu Tengah,19887000,18490000,3
Kota Bengkulu,28900000,39020000,5
Bengkulu Tengah,32248091,40325000,4
Bengkulu Tengah,54950000,54431428.57,5
Bengkulu Tengah,37550000,54322714.29,5
Kaur,45118000,46100714.29,4
Kaur,20545000,19783214.29,4
Bengkulu Tengah,16525000,36955285.71,5
Kaur,35374000,37193000,5
Bengkulu Tengah,3600000,19169285.71,5
Bengkulu Tengah,57000000,92140428.57,4
Bengkulu Tengah,49900000,36314285.71,6
Kaur,36378751,53629714.29,2
Bengkulu Tengah,22575000,21037142.86,4
Kaur,22830000,40913857.14,4
Bengkulu Tengah,42100580,31763357.14,3
Bengkulu Tengah,11647428,11832571.43,1
Bengkulu Tengah,70280000,46945285.71,3
Kaur,23200000,27574285.71,4
Kaur,23267000,34579428.57,2
Bengkulu Tengah,2184593,9382285.714,2
Kota Bengkulu,23714000,17386982.86,3
Bengkulu Tengah,60030000,49792142.86,6
Bengkulu Tengah,39950000,39477714.29,4
Bengkulu Tengah,35715000,47357142.86,3
Bengkulu Tengah,34519000,32846285.71,5
Bengkulu Tengah,16627500,10438714.29,2
Bengkulu Tengah,4507645,53467571.43,4
Bengkulu Tengah,16275000,19731428.57,5
Kota Bengkulu,21400000,14684285.71,1
Kaur,63818572,24442000,6
Bengkulu Tengah,27675334,47013857.14,3
Bengkulu Tengah,66910000,33622285.71,3
Bengkulu Tengah,45550000,41801428.57,4
Kaur,37873334,23258135.71,5
Bengkulu Tengah,36224000,33985000,4
Bengkulu Tengah,17400000,19541142.86,3
Bengkulu Tengah,26626000,34332114.29,6
Bengkulu Tengah,43468000,78691571.43,3
Bengkulu Tengah,8800000,25669142.86,3
Bengkulu Tengah,12720000,24955857.14,3
Bengkulu Tengah,14095382,30265571.43,3
Bengkulu Tengah,17250000,15641428.57,3
Bengkulu Tengah,16135000,32824428.57,3
Bengkulu Tengah,24269068,42098000,6
Bengkulu Tengah,27632000,38026571.43,5
Bengkulu Tengah,17850000,14864714.29,3
Kota Bengkulu,41860000,29713714.29,4
Bengkulu Tengah,42600000,50703214.29,4
Kaur,34100000,28378285.71,2
Bengkulu Tengah,63250000,34221714.29,8
Kaur,16620000,20318714.29,3
Bengkulu Tengah,6739148,29741428.57,4
Bengkulu Tengah,32896000,28060428.57,3
Bengkulu Tengah,27923602,47474285.71,4
Kaur,10138960,38648571.43,7
Bengkulu Tengah,6656000,15081571.43,2
Bengkulu Tengah,17900000,21679285.71,3
Bengkulu Tengah,61800000,38313714.29,5
Bengkulu Tengah,31815000,33630000,3
Kota Bengkulu,70290000,55161285.71,4
Bengkulu Tengah,23450000,44058857.14,6
Bengkulu Tengah,31861000,31838714.29,3
Bengkulu Tengah,17300000,50375714.29,4
Bengkulu Tengah,21850000,17506428.57,3
Bengkulu Tengah,41448000,28739428.57,4
Bengkulu Tengah,16725000,30717285.71,6
Kaur,88786000,33696285.71,7
Kota Bengkulu,30630000,54813428.57,3
Bengkulu Tengah,50800000,49969142.86,4
Bengkulu Tengah,17033000,25111177.14,5
Bengkulu Tengah,10310000,6289285.714,2
Bengkulu Tengah,35277142,45933571.43,6
Bengkulu Tengah,24884000,32759142.86,3
Bengkulu Tengah,78050000,81753171.43,5
Kaur,21263591,21855500,3
Kaur,47337000,42598571.43,4
Bengkulu Tengah,8160000,25479714.29,2
Bengkulu Tengah,42420000,31179285.71,5
Bengkulu Tengah,9986000,25769857.14,4
Bengkulu Tengah,15400000,26372857.14,3
Kaur,34415000,15949714.29,2
Bengkulu Tengah,55200000,18927714.29,5
Bengkulu Tengah,114105000,43873857.14,4
Kota Bengkulu,18450000,38121857.14,5
Bengkulu Tengah,40676000,45756000,6
Kota Bengkulu,72970000,56897428.57,1
Bengkulu Tengah,36808678,65499142.86,4
Bengkulu Tengah,62400000,52682000,4
Bengkulu Tengah,29924297,7666285.714,4
Kota Bengkulu,59967000,58659214.29,7
Kaur,13312000,19850857.14,4
Kota Bengkulu,67900000,41553714.29,4
Kota Bengkulu,21635000,36011000,5
Bengkulu Tengah,11052029,19587171.43,2
Kota Bengkulu,37779000,42857428.57,5
Bengkulu Tengah,22026743,22391428.57,5
Kota Bengkulu,21900000,23392285.71,3
Bengkulu Tengah,79250000,45901714.29,4
Bengkulu Tengah,16520000,26584857.14,5
Kaur,14610000,21391571.43,2
Kota Bengkulu,35372258,51165857.14,4
Kaur,14688000,15619285.71,1
Bengkulu Tengah,23450000,23406142.86,4
Bengkulu Tengah,20033399,20138428.57,4
Bengkulu Tengah,41968333,72172000,4
Bengkulu Tengah,86100000,68992268.57,4
Bengkulu Tengah,66631428,64975142.86,4
Kaur,45930000,45336142.86,5
Bengkulu Tengah,28020000,27325571.43,4
Bengkulu Tengah,19200000,56854285.71,6
Bengkulu Tengah,59920000,53949857.14,2
Kota Bengkulu,10300000,51860285.71,4
Kaur,41100000,35914285.71,4
Kaur,22065000,28403571.43,2
Bengkulu Tengah,84200000,82267428.57,6
Kaur,35490000,24157142.86,8
Kota Bengkulu,57436836,70843907.43,4
Bengkulu Tengah,32300000,24203428.57,2
Bengkulu Tengah,30399765,29618142.86,4
Bengkulu Tengah,24762000,24161714.29,4
Bengkulu Tengah,42702857,39383714.29,5
Bengkulu Tengah,31824000,31335428.57,6
Bengkulu Tengah,47120000,57406571.43,2
Bengkulu Tengah,10088000,32143857.14,5
Kota Bengkulu,13114285,17509857.14,3
Kaur,34204359,37659000,3
Kota Bengkulu,35880000,42825714.29,2
Bengkulu Tengah,17164706,38423142.86,6
Bengkulu Tengah,4100000,29842857.14,5
Bengkulu Tengah,8980000,19286285.71,2
Bengkulu Tengah,28000000,74753714.29,4
Bengkulu Tengah,15161441,26857571.43,5
Bengkulu Tengah,19250000,19208142.86,3
Kaur,45120000,45059714.29,4
Bengkulu Tengah,12792000,12721000,4
Bengkulu Tengah,12820000,16855714.29,5
Bengkulu Tengah,58261500,67658142.86,3
Kaur,34368000,33916714.29,3
Kaur,83616666,19474000,6
Kaur,14620000,28867857.14,2
Kaur,25700000,22018571.43,4
Kota Bengkulu,14300000,17080714.29,3
Bengkulu Tengah,19630580,44588000,5
Bengkulu Tengah,41007585,19502142.86,5
Bengkulu Tengah,184650000,184611142.9,6
Kaur,54630000,63196000,3
Kota Bengkulu,62940000,70529714.29,5
Kaur,29065714,28680428.57,2
Kaur,65293000,65886714.29,3
Kota Bengkulu,42000000,43358571.43,2
Bengkulu Tengah,31925000,48685571.43,5
Kaur,31710000,28002142.86,4
Bengkulu Tengah,201358313,202357428.6,4
Kaur,12497428,12148285.71,1
Kaur,34899285,34497000,3
Bengkulu Tengah,18900000,22168285.71,3
Kota Bengkulu,39791000,36850857.14,7
Bengkulu Tengah,45668571,45421436.57,6
Bengkulu Tengah,25300000,76157142.86,5
Kaur,32150000,34940000,5
Bengkulu Tengah,88865800,56541857.14,6
Bengkulu Tengah,110000000,94529714.29,4
Bengkulu Tengah,13440294,49101714.29,5
Bengkulu Tengah,8400000,24199047.29,3
Kota Bengkulu,39550000,40296857.14,4
Bengkulu Tengah,23762572,24375714.29,5
Bengkulu Tengah,29210000,63119428.57,3
Bengkulu Tengah,36500000,36334571.43,5
Bengkulu Tengah,72040000,71402108.57,4
Bengkulu Tengah,29459068,33854857.14,4
Bengkulu Tengah,29179912,47276142.86,4
Kota Bengkulu,16650000,50380142.86,4
Kota Bengkulu,62200000,77203142.86,4
Bengkulu Tengah,36300000,37645714.29,5
Kota Bengkulu,114378000,112511428.6,7
Bengkulu Tengah,44515000,58562142.86,3
Bengkulu Tengah,40761336,49024857.14,5
Bengkulu Tengah,62100000,45347000,4
Kaur,34155857,34484428.57,3
Bengkulu Tengah,124380500,11875857.14,2
Kaur,53100000,24086857.14,6
Kaur,28479600,28348571.43,5
Kaur,7200000,26763428.57,4
Bengkulu Tengah,38208534,20510857.14,2
Bengkulu Tengah,45200000,44487714.29,5
Bengkulu Tengah,42679779,57093285.71,6
Kaur,258905000,80524714.29,6
Bengkulu Tengah,4714000,14500000,3
Kota Bengkulu,31570000,34750571.43,6
Bengkulu Tengah,28100000,34238285.71,4
Kaur,33422000,61587571.43,7
Kota Bengkulu,29760000,119016428.6,6
Bengkulu Tengah,47100000,41728142.86,4
Kaur,16434000,25828714.29,6
Bengkulu Tengah,67497000,58985714.29,4
Kota Bengkulu,68882857,56977571.43,4
Bengkulu Tengah,13355144,16047714.29,2
Bengkulu Tengah,8555741,24323000,6
Bengkulu Tengah,15410000,18520285.71,2
Bengkulu Tengah,55200000,47936857.14,3
Kaur,34019643,32192285.71,2
Bengkulu Tengah,47642856,60035017.14,5
Bengkulu Tengah,21749165,37956428.57,3
Bengkulu Tengah,115255719,77401428.57,3
Kaur,27680919,46481428.57,6
Bengkulu Tengah,4220741,26043571.43,5
Kaur,23000000,22890714.29,5
Bengkulu Tengah,9158000,25368000,3
Bengkulu Tengah,9240000,31873142.86,4
Bengkulu Tengah,79380000,89575714.29,2
Bengkulu Tengah,26923023,28496857.14,4
Bengkulu Tengah,44830228,44988285.71,5
Bengkulu Tengah,46850000,27473714.29,4
Kaur,20600000,13362000,2
Bengkulu Tengah,12936000,18105142.86,3
Kota Bengkulu,31040000,43178857.14,6
Kaur,27934300,22642285.71,1
Bengkulu Tengah,99977557,95518428.57,6
Kaur,20792857,21171857.14,2
Bengkulu Tengah,67072000,40766857.14,4
Kaur,19856553,64386857.14,3
Bengkulu Tengah,20010000,20598285.71,4
Kaur,14610000,17722142.86,2
Bengkulu Tengah,13742267,11880285.71,4
Bengkulu Tengah,51050000,50935714.29,8
Kota Bengkulu,21154285,19596000,3
Bengkulu Tengah,11097400,9661471.429,2
Bengkulu Tengah,12184534,48338857.14,3
Bengkulu Tengah,16565000,20368285.71,6
Kaur,48700000,22261142.86,1
Kota Bengkulu,90760000,34194000,2
Bengkulu Tengah,52500000,90980285.71,3
Kaur,18346428,48980142.86,7
Bengkulu Tengah,34918046,27440714.29,5
Bengkulu Tengah,5600000,21201428.57,4
Kota Bengkulu,164152000,84376714.29,5
Kota Bengkulu,50120000,103999428.6,8
Kaur,36050000,31986142.86,3
Bengkulu Tengah,21070000,20772757.14,4
Bengkulu Tengah,22000000,25978714.29,3
Kota Bengkulu,680000,13285428.57,1
Kaur,23800000,23527500,4
Kota Bengkulu,281500000,155993142.9,3
Bengkulu Tengah,13485000,30185142.86,5
Bengkulu Tengah,37660000,40998000,5
Bengkulu Tengah,30240000,25850571.43,4
Bengkulu Tengah,9532557,18329714.29,3
Bengkulu Tengah,29157858,28779428.57,4
Kota Bengkulu,47450000,83035428.57,3
Bengkulu Tengah,16560000,23691000,3
Kota Bengkulu,31009381,45747000,3
Bengkulu Tengah,71700000,61564285.71,4
Kaur,52830000,65208571.43,4
Kota Bengkulu,32390000,56962857.14,6
Bengkulu Tengah,7500000,21791428.57,3
Bengkulu Tengah,28230000,32964028.57,4
Kaur,40976000,55155142.86,3
Bengkulu Tengah,17720000,29560571.43,5
Bengkulu Tengah,94728572,50673571.43,4
Bengkulu Tengah,32116000,31308571.43,5
Bengkulu Tengah,40200000,52370000,5
Bengkulu Tengah,106614000,102703428.6,5
Kaur,45800000,30741428.57,3
Bengkulu Tengah,29283626,41851714.29,3
Bengkulu Tengah,17039947,18418282.86,3
Bengkulu Tengah,74420000,72583571.43,4
Kaur,134671428,51081285.71,3
Bengkulu Tengah,14260000,14166000,2
Bengkulu Tengah,27577143,25006285.71,6
Kota Bengkulu,82438000,72260285.71,5
Kaur,36700000,36626428.57,5
Bengkulu Tengah,20190000,19995000,3
Bengkulu Tengah,7771446,29409714.29,3
Kota Bengkulu,40057000,43718428.57,4
Bengkulu Tengah,11115000,26168857.14,2
Kota Bengkulu,12800000,27761428.57,3
Bengkulu Tengah,32310000,35187285.71,2
Bengkulu Tengah,10800000,38531571.43,11
Bengkulu Tengah,11110756,15847142.86,4
Bengkulu Tengah,60145000,59826285.71,5
Bengkulu Tengah,21352000,18591571.43,3
Bengkulu Tengah,34615114,52854000,5
Bengkulu Tengah,64560000,64495285.71,5
Kaur,76130000,61410714.29,5
Kaur,28582856,28571714.29,2
Kota Bengkulu,33200000,20949285.71,1
Bengkulu Tengah,11195000,28054571.43,3
Kaur,52654857,52708142.86,6
Bengkulu Tengah,23180000,23429571.43,3
Kota Bengkulu,103748000,87554160,8
Kota Bengkulu,26833000,32814285.71,2
Kaur,18001125,21234428.57,3
Bengkulu Tengah,57762000,55229785.71,5
Kota Bengkulu,55420000,57313142.86,3
Bengkulu Tengah,31550000,29721428.57,1
Bengkulu Tengah,23058000,23054571.43,4
Bengkulu Tengah,12575000,30275285.71,4
Bengkulu Tengah,31405858,52417071.43,4
Bengkulu Tengah,10440000,28562571.43,3
Bengkulu Tengah,21836081,30768571.43,5
Kota Bengkulu,54800000,45086000,1
Bengkulu Tengah,20240000,20974285.71,2
Bengkulu Tengah,7301143,12020571.43,1
Bengkulu Tengah,53708000,156892285.7,3
Bengkulu Tengah,15200000,18990000,2
Bengkulu Tengah,15582827,24333714.29,4
Bengkulu Tengah,12225000,23555428.57,5
Bengkulu Tengah,16180000,39402000,4
Kaur,85559000,24462857.14,4
Bengkulu Tengah,15920000,17967142.86,2
Bengkulu Tengah,32560000,13459714.29,4
Bengkulu Tengah,23840000,42988571.43,4
Bengkulu Tengah,30002000,24760428.57,3
Kaur,22210152,29526000,4
Bengkulu Tengah,20096000,30647571.43,3
Bengkulu Tengah,57370000,57070857.14,4
Bengkulu Tengah,43400000,41457857.14,4
Bengkulu Tengah,37016000,35906571.43,3
Bengkulu Tengah,26770000,30355714.29,4
Bengkulu Tengah,207600000,48688285.71,4
Kota Bengkulu,35101428,34936571.43,4
Bengkulu Tengah,80371428,44600428.57,6
Kaur,46900000,43153285.71,6
Bengkulu Tengah,11870668,18154857.14,3
Bengkulu Tengah,50700000,48829571.43,2
Bengkulu Tengah,53700000,69128000,3
Bengkulu Tengah,24700000,17788857.14,5
Bengkulu Tengah,25275000,25345714.29,5
Bengkulu Tengah,26200000,28330000,5
Kaur,55000000,41886285.71,7
Bengkulu Tengah,2287134,21499571.43,4
Bengkulu Tengah,9600000,16857142.86,3
Kota Bengkulu,57000000,45664857.14,3
Kaur,33340000,90890428.57,3
Kota Bengkulu,47178110,50503285.71,4
Bengkulu Tengah,28200000,27617142.86,5
Bengkulu Tengah,21190000,29441714.29,3
Bengkulu Tengah,20400000,31418214.29,4
Kota Bengkulu,95191182,99305000,3
Bengkulu Tengah,14400000,35003714.29,4
Bengkulu Tengah,91500000,91324428.57,4
Bengkulu Tengah,17920000,13431428.57,2
Bengkulu Tengah,12511429,12327142.86,3
Bengkulu Tengah,36801471,36235185.71,5
Bengkulu Tengah,34740423,40081071.43,2
Bengkulu Tengah,36300000,38109428.57,4
Bengkulu Tengah,51600000,34026428.57,6
Kaur,105807142,44215680,4
Bengkulu Tengah,51814000,54495142.86,3
Bengkulu Tengah,47320000,42753428.57,5
Kaur,86762000,99399257.14,4
Kaur,37549999,49140571.43,6
Kota Bengkulu,69505714,30756857.14,4
Bengkulu Tengah,37976818,35624571.43,4
Bengkulu Tengah,26520000,36993493.43,4
Bengkulu Tengah,18800000,18448571.43,4
Bengkulu Tengah,11750000,20775428.57,4
Bengkulu Tengah,11919000,17022000,5
Kaur,31933500,27973428.57,3
Kaur,71515000,31943502.86,4
Bengkulu Tengah,35400000,38516857.14,6
Bengkulu Tengah,21465625,19576714.29,2
Bengkulu Tengah,13538371,19517142.86,6
Kaur,59600000,48643245.71,6
Bengkulu Tengah,10600000,26396571.43,3
Bengkulu Tengah,16750000,32687571.43,4
Bengkulu Tengah,88420000,48181285.71,7
Bengkulu Tengah,9219440,19207428.57,5
Bengkulu Tengah,7060000,14490571.43,4
Kaur,26250000,28647285.71,5
Bengkulu Tengah,15976889,20746125.71,3
Bengkulu Tengah,61482000,55901857.14,4
Bengkulu Tengah,57310000,48667428.57,6
Bengkulu Tengah,66204287,72495428.57,8
Bengkulu Tengah,36681000,28857571.43,4
Bengkulu Tengah,23965142,24060428.57,2
Bengkulu Tengah,12758509,15666428.57,4
Kota Bengkulu,148720000,145037428.6,5
Kaur,66942857,42280142.86,2
Bengkulu Tengah,83766858,26236000,6
Kaur,22711000,48525411.43,5
Kaur,26900000,20656428.57,1
Kota Bengkulu,54796000,47062285.71,4
Kaur,29097142,32602982.86,3
Bengkulu Tengah,30520000,29217000,4
Bengkulu Tengah,20197000,28760000,5
Bengkulu Tengah,15200000,14702857.14,4
Bengkulu Tengah,27035000,29504000,4
Kota Bengkulu,66690000,46948857.14,3
Bengkulu Tengah,25300000,25752000,4
Bengkulu Tengah,128461511,43188857.14,3
Bengkulu Tengah,59070000,51135856.14,3
Bengkulu Tengah,9400000,9290714.286,1
Bengkulu Tengah,41300000,40140000,5
Kota Bengkulu,89400000,93119428.57,5
Bengkulu Tengah,90500000,45857571.43,2
Bengkulu Tengah,52100000,45384285.71,4
Bengkulu Tengah,28600000,26790000,3
Kaur,54500000,48669857.14,3
Bengkulu Tengah,62200000,47607571.43,4
Bengkulu Tengah,48478500,55858714.29,5
Bengkulu Tengah,14642857,27902000,3
Bengkulu Tengah,52114103,29278571.43,3
Kaur,26828000,27238150,3
Kaur,24304858,27930785.71,4
Bengkulu Tengah,22748571,18276142.86,4
Bengkulu Tengah,9415000,64529428.57,6
Bengkulu Tengah,55411800,44974085.71,5
Kaur,104962857,77253714.29,5
Kaur,10540866,19172000,3
Kaur,93750000,75825714.29,4
Kaur,323000000,92308428.57,4
Bengkulu Tengah,43950000,46376428.57,4
Bengkulu Tengah,51665000,24806000,10
Kota Bengkulu,82644581,98763906.29,2
Bengkulu Tengah,58800000,39751714.29,4
Bengkulu Tengah,155109000,149216571.4,6
Bengkulu Tengah,14381441,24639714.29,3
Kaur,10080000,24535285.71,6
Kaur,23400000,21369000,5
Bengkulu Tengah,8993779,51516125.71,7
Bengkulu Tengah,9594286,7814000,6
Bengkulu Tengah,31600000,51318285.71,4
Bengkulu Tengah,20090000,24391428.57,3
Kaur,9000000,27707700,5
Bengkulu Tengah,28446509,40590857.14,5
Bengkulu Tengah,53400000,64007714.29,4
Bengkulu Tengah,19362247,39408571.43,5
Bengkulu Tengah,65210000,79932142.86,7
Bengkulu Tengah,19850000,21841142.86,4
Bengkulu Tengah,29660000,25786000,4
Kota Bengkulu,27520000,28935857.14,4
Bengkulu Tengah,31520000,28400571.43,4
Kota Bengkulu,88800000,89286428.57,5
Bengkulu Tengah,8100000,20567428.57,5
Kota Bengkulu,83900000,57625142.86,6
Bengkulu Tengah,50068000,64199142.86,5
Kaur,38401532,20789714.29,5
Kaur,35400000,28000285.71,3
Bengkulu Tengah,38400000,40165714.29,4
Bengkulu Tengah,36400000,43800000,5
Bengkulu Tengah,14030000,35061357.14,3
Bengkulu Tengah,13464286,24444571.43,4
Bengkulu Tengah,55457143,92346428.57,6
Bengkulu Tengah,17571500,18548357.14,2
Bengkulu Tengah,41600000,40197000,3
Bengkulu Tengah,30681160,36440571.43,3
Bengkulu Tengah,78300000,37285142.86,5
Bengkulu Tengah,12100000,11459285.71,4
Bengkulu Tengah,22900000,28137142.86,5
Bengkulu Tengah,64061511,19314285.71,2
Bengkulu Tengah,12486000,12166857.14,3
Kota Bengkulu,59000000,83896857.14,4
Kota Bengkulu,88404285,98209965.71,6
Kaur,6984000,35532428.57,3
Bengkulu Tengah,9120000,19002000,1
Bengkulu Tengah,275660000,35884428.57,4
Kota Bengkulu,37028571,74535714.29,5
Bengkulu Tengah,42000000,25195571.43,2
Bengkulu Tengah,87000000,67998600,7
Bengkulu Tengah,22200000,64121142.86,6
Bengkulu Tengah,7130000,19947125.71,3
Bengkulu Tengah,26400000,13858857.14,3
Bengkulu Tengah,70540000,60095714.29,5
Bengkulu Tengah,21600000,20938142.86,1
Kaur,10681000,14777428.57,2
Bengkulu Tengah,83417142,68611285.71,5
Kota Bengkulu,111174930,89268571.43,6
Bengkulu Tengah,23850000,39634142.86,4
Kota Bengkulu,61240000,72619428.57,2
Bengkulu Tengah,52937000,73439428.57,5
Kota Bengkulu,23600000,44299857.14,6
Bengkulu Tengah,5873000,34192000,5
Bengkulu Tengah,17309824,21813571.43,3
Bengkulu Tengah,48900000,53080285.71,4
Bengkulu Tengah,48760000,41977857.14,4
Bengkulu Tengah,10969068,19331542.86,3
Bengkulu Tengah,55386541,37716285.71,3
Bengkulu Tengah,20501336,43268142.86,4
Kaur,22914285,22904146.43,5
Kaur,97243371,61959000,3
Bengkulu Tengah,71040000,30832857.14,5
Kaur,22967142,17859914.29,3
Kaur,119900000,164735142.9,5
Kaur,29175000,34338428.57,4
Bengkulu Tengah,74350000,81958428.57,5
Kaur,22390000,49278142.86,2
Kota Bengkulu,42000000,52612857.14,4
Bengkulu Tengah,20000000,103761428.6,3
Bengkulu Tengah,25800000,12688428.57,4
Kota Bengkulu,43677000,28290571.43,4
Bengkulu Tengah,33903435,10532000,2
Bengkulu Tengah,161540000,82035714.29,2
Bengkulu Tengah,17026046,19611142.86,3
Kaur,23466230,19252714.29,3
Bengkulu Tengah,31800000,28396000,4
Kaur,62400000,54348394.29,5
Bengkulu Tengah,3272000,25903285.71,4
Kaur,9667143,21410285.71,3
Kaur,33155428,20083428.57,2
Kaur,23321563,22932571.43,5
Kota Bengkulu,42000000,46435714.29,6
Kota Bengkulu,71260000,57611428.57,5
Kota Bengkulu,17565000,40209428.57,5
Bengkulu Tengah,34316000,55226571.43,4
Bengkulu Tengah,6520000,8023714.286,3
Kaur,88211285,51733142.86,6
Kota Bengkulu,24600000,36877428.57,4
Bengkulu Tengah,20076000,26291428.57,5
Bengkulu Tengah,24095000,6771428.571,5
Bengkulu Tengah,147625714,55433428.57,2
Kota Bengkulu,29300000,21097142.86,3
Kaur,60000000,51391428.57,3
Bengkulu Tengah,46700000,52002285.71,5
Kaur,39572000,24345865.14,1
Bengkulu Tengah,47300000,36430428.57,3
Kota Bengkulu,31040000,29720231.43,3
Bengkulu Tengah,7638445,38596571.43,4
Kota Bengkulu,111600000,78874285.71,7
Bengkulu Tengah,14817557,27772285.71,4
Bengkulu Tengah,52142000,43112000,3
Kota Bengkulu,23931668,55200000,4
Kaur,23713717,17191714.29,3
Kaur,17082000,31832571.43,4
Bengkulu Tengah,32047964,58065714.29,5
Bengkulu Tengah,44680000,44587142.86,4
Bengkulu Tengah,22782857,31359142.86,4
Bengkulu Tengah,43450000,43351714.29,4
Kaur,73186428,54371142.86,5
Bengkulu Tengah,47959000,26377285.71,10
Bengkulu Tengah,60900000,86093000,4
Kaur,24840000,25735428.57,6
Bengkulu Tengah,23500000,25335142.86,2
Bengkulu Tengah,6600000,8841428.571,4
Kota Bengkulu,35528500,47098017.14,5
Kaur,130500000,38293000,5
Bengkulu Tengah,46770000,39918857.14,4
Bengkulu Tengah,13550000,34882857.14,5
Kaur,51533571,51260571.43,2
Bengkulu Tengah,36771500,28220357.14,3
Bengkulu Tengah,25200000,17312571.43,2
Kaur,52500000,34008857.14,3
Bengkulu Tengah,9760000,33498000,3
Kaur,24721000,35113142.86,3
Bengkulu Tengah,35993814,36304428.57,4
Bengkulu Tengah,24832267,30098000,5
Kota Bengkulu,8000000,32188571.43,3
Bengkulu Tengah,80600000,67737428.57,4
Kaur,41000000,23654714.29,2
Kota Bengkulu,44500000,38720142.86,4
Bengkulu Tengah,17400000,21235000,4
Bengkulu Tengah,7542000,24802714.29,4
Bengkulu Tengah,5400000,26035714.29,2
Bengkulu Tengah,28920000,31687000,2
Bengkulu Tengah,27050000,19607142.86,5
Bengkulu Tengah,25093541,29455857.14,4
Bengkulu Tengah,138670000,45260000,3
Kota Bengkulu,32900000,42348579.43,3
Bengkulu Tengah,152339000,49170857.14,5
Bengkulu Tengah,43937000,25172857.14,4
Kaur,29742857,31361142.86,4
Bengkulu Tengah,41300000,1371428.571,5
Kaur,21652500,28077142.86,3
Kota Bengkulu,24300000,40454571.43,5
Bengkulu Tengah,213365000,46433000,4
Bengkulu Tengah,36077759,47280000,4
Kota Bengkulu,158300000,48365714.29,5
Bengkulu Tengah,73580000,45700285.71,6
Kota Bengkulu,62000000,60520285.71,8
Kaur,35056000,37530800,4
Bengkulu Tengah,21381336,43557142.86,5
Kota Bengkulu,51240000,47679914.29,5
Bengkulu Tengah,190120000,59003428.57,2
Bengkulu Tengah,61500000,25568142.86,4
Kota Bengkulu,37945949,44237142.86,6
Kaur,21406000,43495657.14,4
Kota Bengkulu,27840000,41108714.29,5
Bengkulu Tengah,36572143,30573028.57,4
Bengkulu Tengah,14850000,10412142.86,6
Bengkulu Tengah,29340000,29272714.29,3
Kota Bengkulu,19976000,29260142.86,3
Bengkulu Tengah,27200000,27303142.86,4
Kota Bengkulu,338500000,144167428.6,2
Bengkulu Tengah,122900000,72847432.57,6
Bengkulu Tengah,6280000,22085571.43,4
Bengkulu Tengah,52800000,51529142.86,5
Kaur,62025000,25411000,6
Kaur,20300000,27368142.86,3
Bengkulu Tengah,39650000,30344714.29,4
Kaur,11780000,19157142.86,4
Bengkulu Tengah,39630228,20332714.29,4
Kaur,18400000,41522285.71,12
Bengkulu Tengah,21600000,58597000,7
Kota Bengkulu,46040000,78220714.29,4
Bengkulu Tengah,12180000,11687857.14,1
Kota Bengkulu,57757000,39323428.57,4
Bengkulu Tengah,3200000,16300571.43,2
Bengkulu Tengah,69200000,63490857.14,4
Kota Bengkulu,49101626,52864285.71,5
Kota Bengkulu,46880000,41600000,3
Kota Bengkulu,2000000,54311285.71,3
Bengkulu Tengah,29300000,28231428.57,2
Bengkulu Tengah,24200000,34511428.57,5
Bengkulu Tengah,8218445,36893142.86,4
Kaur,39820000,39516714.29,8
Kaur,18658460,19515857.14,2
Kota Bengkulu,13450000,16558142.86,1
Bengkulu Tengah,54000000,60318714.29,6
Bengkulu Tengah,12100000,8892857.143,2
Kaur,31286000,30586142.86,2
Bengkulu Tengah,27870000,36526428.57,4
Kaur,27449969,53226000,9
Bengkulu Tengah,157400000,61640000,4
Bengkulu Tengah,17400000,16123428.57,3
Bengkulu Tengah,47140000,16453714.29,2
Kaur,57440500,31866142.86,3
Kota Bengkulu,33100000,39151902.86,3
Bengkulu Tengah,39200000,43370571.43,2
Kaur,22180000,19861714.29,3
Kota Bengkulu,17800000,24164428.57,3
Kota Bengkulu,93630000,75534857.14,5
Bengkulu Tengah,98450000,68316714.29,3
Kaur,20836075,34627071.43,4
Bengkulu Tengah,11937000,13795571.43,1
Kota Bengkulu,13708500,14091257.14,1
Bengkulu Tengah,106800000,96148571.43,4
Bengkulu Tengah,15764286,33487285.71,3
Kota Bengkulu,35160000,36079714.29,3
Bengkulu Tengah,63606000,45029285.71,4
Bengkulu Tengah,37350000,37335714.29,4
Kota Bengkulu,41150000,38447000,1
Bengkulu Tengah,43600000,33583285.71,3
Kaur,37624000,56015714.29,5
Kaur,87000000,41272000,3
Kota Bengkulu,317300000,163744857.1,7
Bengkulu Tengah,250867500,262322197.1,5
Kaur,40160000,48518428.57,7
Kaur,42000000,67962142.86,5
Bengkulu Tengah,17576769,31949571.43,4
Bengkulu Tengah,20500000,36452571.43,4
Bengkulu Tengah,70350000,68835000,3
Bengkulu Tengah,25430668,22055428.57,2
Kota Bengkulu,37322000,37194285.71,4
Bengkulu Tengah,28429000,27058571.43,1
Bengkulu Tengah,38215333,44199428.57,3
Bengkulu Tengah,62880000,51440571.43,6
Bengkulu Tengah,26746148,43900000,3
Kaur,23500000,23157285.71,5
Bengkulu Tengah,55800000,53878268.57,4
Bengkulu Tengah,46000000,74238542.86,4
Kaur,95502971,68649428.57,6
Kaur,83885713,69209714.29,3
Bengkulu Tengah,43888571,34855714.29,4
Kaur,30490000,39041985.71,6
Bengkulu Tengah,22381000,43428928.57,4
Kaur,22164309,26897771.43,5
Bengkulu Tengah,37000000,66577142.86,3
Bengkulu Tengah,129969186,63411428.57,3
Kaur,25180000,29854285.71,4
Bengkulu Tengah,233700000,161793142.9,5
Bengkulu Tengah,44404000,38874714.29,4
Bengkulu Tengah,30492267,23605000,4
Kota Bengkulu,17000000,66957714.29,2
Bengkulu Tengah,28567500,27859285.71,5
Kaur,14768000,14768000,1
Kota Bengkulu,80667250,63799054.29,5
Kaur,61745926,114359285.7,3
Bengkulu Tengah,33180000,23883857.14,4
Kota Bengkulu,63200000,79587357.14,4
Bengkulu Tengah,69150000,69132708,5
Bengkulu Tengah,29260000,36156428.57,6
Bengkulu Tengah,22350000,19066000,1
Kota Bengkulu,21000000,42922857.14,5
Kota Bengkulu,57703000,56682571.43,6
Kota Bengkulu,1484510000,124045714.3,5
Bengkulu Tengah,104520000,93292285.71,6
Kota Bengkulu,61400000,51583571.43,4
Kaur,33148000,37661975.86,2
Kota Bengkulu,55000000,50911428.57,8
Bengkulu Tengah,29160000,38452714.29,3
Bengkulu Tengah,38180000,33477428.57,4
Bengkulu Tengah,69815290,68395571,4
Bengkulu Tengah,93922000,65995571.43,2
Bengkulu Tengah,34306633,31196428.57,4
Bengkulu Tengah,52485000,31405857.14,2
Bengkulu Tengah,30473779,32529999.71,4
Kota Bengkulu,25400000,60513142.86,6
Bengkulu Tengah,145900000,64558571.43,7
Bengkulu Tengah,7800000,10244142.86,2
Bengkulu Tengah,12440000,24520285.71,4
Bengkulu Tengah,15808000,34026000,5
Bengkulu Tengah,60699813,26010714.29,3
Kaur,18037857,25777428.57,4
Bengkulu Tengah,139920000,62207057.14,5
Bengkulu Tengah,26405714,41585142.86,3
Bengkulu Tengah,36600000,34760428.57,5
Kaur,18708000,17000714.29,5
Bengkulu Tengah,68000000,48727857.14,3
Kota Bengkulu,42000000,40599428.57,5
Kaur,712210000,256853885.7,7
Bengkulu Tengah,42340000,25004142.86,5
Kaur,113953450,59117164.29,5
Bengkulu Tengah,47300000,43304285.71,6
Bengkulu Tengah,17012000,42871428.57,5
Bengkulu Tengah,32920000,21743285.71,6
Bengkulu Tengah,32261336,26804142.86,2
Bengkulu Tengah,8431000,51645857.14,4
Bengkulu Tengah,58500000,52376285.71,4
Bengkulu Tengah,27987627,59838571.43,4
Bengkulu Tengah,80450000,53811000,3
Bengkulu Tengah,21950000,44292285.71,3
Bengkulu Tengah,99845000,52693142.86,4
Bengkulu Tengah,67100000,48254000,4
Bengkulu Tengah,29200000,45025857.14,5
Bengkulu Tengah,67158857,51282571.43,4
Kaur,75650000,57984571.43,6
Bengkulu Tengah,29665286,29995285.71,5
Bengkulu Tengah,39495000,36416285.71,5
Kota Bengkulu,36700000,40446857.14,6
Bengkulu Tengah,23880000,33606857.14,4
Bengkulu Tengah,84313307,32596571.43,3
Kaur,61420000,62571142.86,6
Kaur,52000000,35168285.71,7
Bengkulu Tengah,20985714,20072142.86,5
Bengkulu Tengah,31184000,42006428.57,4
Bengkulu Tengah,22851500,38036571.43,4
Bengkulu Tengah,10320000,19300428.57,3
Kota Bengkulu,18353000,45191857.14,2
Bengkulu Tengah,103388572,69131714.29,3
Bengkulu Tengah,52322857,54642714.29,6
Bengkulu Tengah,19690000,20583714.29,2
Bengkulu Tengah,57550000,39279571.43,3
Bengkulu Tengah,86640000,36736000,4
Bengkulu Tengah,613298056,31990857.14,5
Bengkulu Tengah,34800000,34641428.57,4
Bengkulu Tengah,56940000,39008857.14,4
Kaur,71010000,48259142.86,4
Bengkulu Tengah,34440000,34214005.71,5
Bengkulu Tengah,18580000,18323142.86,2
Bengkulu Tengah,24068000,29946142.86,4
Bengkulu Tengah,21600000,18750857.14,5
Kaur,117000000,101906108.6,4
Bengkulu Tengah,31801000,45679571.43,6
Kaur,27240000,37422857.14,4
Bengkulu Tengah,15130000,23449000,2
Kota Bengkulu,14248750,23126428.57,1
Bengkulu Tengah,14180000,34990714.29,6
Bengkulu Tengah,18323189,29348285.71,1
Bengkulu Tengah,66935500,52324857.14,2
Kota Bengkulu,207000000,142286000,4
Kota Bengkulu,184050000,122761428.6,5
Kaur,93636482,71626142.86,4
Bengkulu Tengah,32810000,12644285.71,2
Bengkulu Tengah,61398000,47466428.57,4
Kota Bengkulu,22242500,36181285.71,1
Bengkulu Tengah,116474000,118238714.3,9
Bengkulu Tengah,38350000,41355714.29,5
Bengkulu Tengah,35835000,35557785.71,4
Bengkulu Tengah,28800000,101371428.6,4
Kaur,29368571,28954285.71,2
Bengkulu Tengah,51180000,50621285.71,3
Kota Bengkulu,58990000,55205857.14,4
Kaur,18910000,10587285.71,3
Bengkulu Tengah,51070819,50898571.43,5
Bengkulu Tengah,3360211,17106428.57,5
Bengkulu Tengah,33475000,31180428.57,3
Bengkulu Tengah,17861336,21844571.43,4
Kota Bengkulu,52180000,70318554.29,4
Kaur,28900000,20047142.86,3
Bengkulu Tengah,155700000,134714714.3,2
Bengkulu Tengah,18450000,22167571.43,3
Kota Bengkulu,77400000,85615714.29,4
Bengkulu Tengah,13680000,13425714.29,3
Bengkulu Tengah,35193984,40747571.43,4
Kota Bengkulu,214600000,162982857.1,5
Kaur,67920000,65151428.57,4
Kaur,16185000,18800571.43,2
Kaur,51892000,30777000,4
Bengkulu Tengah,45165000,43400285.71,3
Kota Bengkulu,64676667,39115285.71,3
Bengkulu Tengah,82850000,62214714.29,5
Bengkulu Tengah,54500000,51786714.29,4
Kaur,42630000,40920000,3
Kaur,42868207,44748714.29,3
Kaur,42420000,28847142.86,3
Bengkulu Tengah,46117336,51266714.29,3
Bengkulu Tengah,66500000,36260285.71,5
Kaur,43000000,45753571.43,3
Kaur,82059484,38485428.57,2
Bengkulu Tengah,12000000,15321285.71,4
Bengkulu Tengah,15740000,26290714.29,3
Kaur,187149460,92736142.86,4
Bengkulu Tengah,30820000,39535285.71,2
Bengkulu Tengah,182100000,245971714.3,5
Bengkulu Tengah,40756000,36961285.71,4
Kaur,59711427,81424285.71,3
Bengkulu Tengah,25998572,14667357.14,5
Kaur,39140000,57247571.43,6
Bengkulu Tengah,12882779,24510142.86,3
Bengkulu Tengah,270400000,94045428.57,4
Bengkulu Tengah,115800000,69758714.29,5
Bengkulu Tengah,31584000,39317714.29,7
Kaur,99900000,19978000,4
Kaur,10176000,19037285.71,5
Bengkulu Tengah,13682919,17638214.29,5
Bengkulu Tengah,29312000,49885000,3
Bengkulu Tengah,46100000,31532000,3
Bengkulu Tengah,64250000,75159428.57,6
Bengkulu Tengah,32710000,31228285.71,4
Bengkulu Tengah,386768893,147675000,4
Kota Bengkulu,28620000,44501428.57,4
Kaur,59010000,30680285.71,3
Bengkulu Tengah,40480000,57107857.14,5
Bengkulu Tengah,64400000,62313857.14,4
Bengkulu Tengah,22960000,23751714.29,5
Bengkulu Tengah,23000000,25329857.14,4
Bengkulu Tengah,42556200,25455571.43,4
Bengkulu Tengah,6200000,20238428.57,4
Kota Bengkulu,41081428,44082142.86,1
Bengkulu Tengah,25315000,35849714.29,4
Kaur,362000000,366154414.3,4
Kaur,48214285,47802142.86,6
Bengkulu Tengah,27700000,29595714.29,4
Kaur,365550000,186882714.3,3
Kota Bengkulu,17068000,28018000,4
Kota Bengkulu,102000000,71851857.14,3
Bengkulu Tengah,51906046,71119285.71,4
Kota Bengkulu,312000000,244210000,3
Kaur,9150000,34601428.57,4
Kaur,51740000,31505571.43,7
Bengkulu Tengah,57927500,35995000,5
Bengkulu Tengah,6050000,17687142.86,3
Kota Bengkulu,9500000,15111285.71,2
Bengkulu Tengah,140500000,137670000,3
Bengkulu Tengah,84929000,69407571.43,4
Kota Bengkulu,48000000,36349142.86,2
Bengkulu Tengah,20078000,19178285.71,3
Kota Bengkulu,49400000,36443142.86,5
Bengkulu Tengah,41130000,48498428.57,3
Kaur,66670000,47548428.57,3
Bengkulu Tengah,12707857,18738571.43,3
Bengkulu Tengah,53383429,36999000,3
Bengkulu Tengah,44000000,43204714.29,4
Kota Bengkulu,172000000,112884571.4,4
Bengkulu Tengah,20592000,48127714.29,3
Kota Bengkulu,98350000,58971108.57,4
Kaur,150000000,108367857.1,5
Bengkulu Tengah,36050000,35441428.57,4
Bengkulu Tengah,48200000,48031000,2
Kaur,67700000,67255714.29,4
Kota Bengkulu,334800000,80494285.71,2
Kota Bengkulu,130800000,119177128.6,5
Bengkulu Tengah,69400000,50643857.14,3
Bengkulu Tengah,4153837,18286000,3
Bengkulu Tengah,93800000,93671828.57,5
Kota Bengkulu,85600000,44900857.14,6
Bengkulu Tengah,32400000,25585857.14,4
Kota Bengkulu,203265000,115311571.4,6
Bengkulu Tengah,30960000,26273142.86,4
Kota Bengkulu,45765000,43876000,1
Kaur,8873000,15334285.71,3
Bengkulu Tengah,69687143,55838571.43,5
Bengkulu Tengah,17061482,40025142.86,5
Kota Bengkulu,71010000,64944928.57,1
Kota Bengkulu,51332142,72968142.86,4
Kota Bengkulu,270000000,266320000,1
Kota Bengkulu,49790000,49418571.43,1
Kota Bengkulu,155000000,88074285.71,2
Kota Bengkulu,191084000,73527142.86,5
Bengkulu Tengah,23460000,29214514.29,4
Bengkulu Tengah,22000000,42964285.71,5
Bengkulu Tengah,87393571,59867428.57,4
Bengkulu Tengah,10105387,20106428.57,3
Bengkulu Tengah,30973428,30931428.57,4
Bengkulu Tengah,24400000,23454857.14,2
Bengkulu Tengah,165000000,82160000,5
Bengkulu Tengah,56614285,51793428.57,4
Bengkulu Tengah,323351087,134316942.9,3
Bengkulu Tengah,77708000,76253285.71,5
Bengkulu Tengah,23119644,26372571.43,3
Bengkulu Tengah,72142000,65185000,5
Kaur,141290000,65246000,5
Bengkulu Tengah,55650000,50212285.71,4
Bengkulu Tengah,41575000,41478571.43,5
Bengkulu Tengah,11400000,59152714.29,2
Kota Bengkulu,30597143,27944000,1
Bengkulu Tengah,114000000,117806428.6,5
Kota Bengkulu,90148571,93571982.86,4
Kota Bengkulu,58230000,25146285.71,5
Bengkulu Tengah,51760000,40896428.57,7
Kota Bengkulu,28800000,23254428.57,1
Bengkulu Tengah,34936677,54184028.57,6
Kota Bengkulu,28260000,32064857.14,1
Bengkulu Tengah,22779534,30768571.43,3
Kota Bengkulu,50786000,58997285.71,5
Kota Bengkulu,10400000,7710000,1
Bengkulu Tengah,33707557,125873285.7,4
Bengkulu Tengah,15399000,25225714.29,2
Kota Bengkulu,117317142,58887142.86,2
Kota Bengkulu,60900000,34907428.57,2
Bengkulu Tengah,80104534,77107142.86,2
Kota Bengkulu,117000000,104688571.4,3
Kota Bengkulu,266600000,259998000,4
Bengkulu Tengah,87678571,49006714.29,4
Bengkulu Tengah,110600000,108596285.7,3
Kaur,65300000,65013285.71,3
Kota Bengkulu,86607000,116679300,4
Kota Bengkulu,100120000,74688142.86,4
Kota Bengkulu,50550000,52197142.86,7
Kaur,109090000,125595534.9,6
Kota Bengkulu,96335000,25289714.29,2
Kota Bengkulu,71460000,90957714.29,1
Bengkulu Tengah,38400000,24918142.86,2
Kaur,34480000,34407142.86,5
Kaur,106980000,57332300,4
Kaur,26690000,28509428.57,5
Kaur,24362856,26158571.43,3
Kota Bengkulu,63750000,58084714.29,5
Kaur,22000000,25580771.43,3
Kota Bengkulu,73500000,51445714.29,5
Bengkulu Tengah,10552000,43393857.14,4
Bengkulu Tengah,31500000,44339142.86,3
Bengkulu Tengah,88357040,60913714.29,5
Kaur,114553414,62299571.43,4
Bengkulu Tengah,24300000,44631857.14,3
Kota Bengkulu,28185000,31519428.57,1
Bengkulu Tengah,85868571,84696571.43,2
Bengkulu Tengah,76952500,37932000,3
Bengkulu Tengah,83740000,65870000,5
Bengkulu Tengah,34439000,24691714.29,2
Bengkulu Tengah,46908000,46773628.57,3
Kota Bengkulu,47200000,63296002,4
Bengkulu Tengah,62900000,22232834.29,3
Kaur,41848571,41758571.43,5
Bengkulu Tengah,1003300000,983690000,5
Bengkulu Tengah,47030622,62006857.14,6
Kota Bengkulu,32100000,42197000,4
Bengkulu Tengah,86915000,70055000,5
Kota Bengkulu,24000000,29541428.57,2
Bengkulu Tengah,125100000,153490142.9,4
Kota Bengkulu,75948000,61060428.57,4
Kaur,93242800,65508142.86,5
Kota Bengkulu,121000000,66537142.86,2
Kota Bengkulu,101000000,89694428.57,6
Bengkulu Tengah,83427671,91491714.29,4
Kota Bengkulu,49900000,71331428.57,4
Kota Bengkulu,34060000,93496000,3
Kota Bengkulu,78800000,52113285.71,4
Kota Bengkulu,43250000,34858000,2
Kota Bengkulu,271000000,184264000,5
Bengkulu Tengah,78450000,67275857.14,4
Bengkulu Tengah,23561336,28106571.43,4
Bengkulu Tengah,3600000,14989000,4
Bengkulu Tengah,118113000,20141714.29,5
Kaur,84246465,46242142.86,4
Kota Bengkulu,49000000,53457142.86,4
Kota Bengkulu,20000000,28820000,1
Kota Bengkulu,17995000,19407142.86,1
Bengkulu Tengah,46960000,32448571.43,5
Kota Bengkulu,55620000,39664571.43,2
Kaur,52550000,52495714.29,4
Kota Bengkulu,55000000,66035857.14,4
Bengkulu Tengah,60884000,47108171.43,4
Kaur,60068450,61217142.86,8
Bengkulu Tengah,265666553,86865714.29,4
Kaur,57265000,50538428.57,6
Bengkulu Tengah,39350000,33459357.14,3
Bengkulu Tengah,98420000,91047857.14,3
Bengkulu Tengah,65800000,71548571.43,5
Bengkulu Tengah,121600000,121116571.4,5
Kaur,49430000,41871142.86,5
Bengkulu Tengah,70814889,71599714.29,4
Bengkulu Tengah,27075114,27200714.29,3
Kota Bengkulu,19700000,15197381.29,1
Kota Bengkulu,34700000,30150000,2
Bengkulu Tengah,7300000,22411000,3
Bengkulu Tengah,47800000,35731571.43,2
Kota Bengkulu,36500000,109465857.1,4
Kota Bengkulu,12100000,49500000,4
Kota Bengkulu,84000000,68802142.86,4
Kaur,49081666,60149822.86,6
Bengkulu Tengah,280450000,277454571.4,3
Kota Bengkulu,38610000,32066600,5
Bengkulu Tengah,50978571,42510428.57,5
Bengkulu Tengah,34785714,32924571.43,3
Kaur,47086000,56024642.86,3
Bengkulu Tengah,73575000,73369000,4
Bengkulu Tengah,19510000,28418571.43,4
Kota Bengkulu,41249000,41427502.14,1
Kota Bengkulu,32000000,99276000,5
Kaur,21280000,47123714.29,3
Bengkulu Tengah,39195928,44500714.29,8
Kota Bengkulu,30640500,42242142.86,1
Kota Bengkulu,27868571,28599285.71,3
Kaur,25030000,50616714.29,6
Kaur,31264000,29941142.86,2
Bengkulu Tengah,21100000,17715571.43,3
Bengkulu Tengah,30350000,17514428.57,3
Bengkulu Tengah,10200000,29095000,4
Kaur,14400000,21733000,2
Kaur,29691500,30554571.43,5
Bengkulu Tengah,48800000,45594285.71,4
Bengkulu Tengah,284113000,260402857.1,3
Bengkulu Tengah,184566666,157810000,4
Bengkulu Tengah,64622857,64312126.14,3
Kaur,25571429,23226285.71,3
Kota Bengkulu,50000000,48113142.86,2
Bengkulu Tengah,73499707,72885998.14,5
Kota Bengkulu,37000000,44754428.57,3
Kota Bengkulu,113000000,113515714.3,6
Kota Bengkulu,80200000,107130000,5
Bengkulu Tengah,38740000,55687154.86,6
Kaur,25400000,59300285.71,3
Bengkulu Tengah,110000000,73135142.86,5
Bengkulu Tengah,44150000,46734000,6
Kaur,26372857,22316857.14,3
Bengkulu Tengah,19218571,39776000,3
Bengkulu Tengah,57700000,43437285.29,4
Kaur,109300000,58220000,4
Kaur,38666857,34650857.14,2
Bengkulu Tengah,35163534,36009571.43,4
Kota Bengkulu,241400000,153323000,4
Kaur,45330000,38942142.86,3
Kota Bengkulu,60613000,61959000,1
Kota Bengkulu,69742857,54987571.43,4
Bengkulu Tengah,65250000,35847142.86,5
Kaur,24000000,106902857.1,5
Bengkulu Tengah,153600000,150150285.7,5
Kota Bengkulu,80158000,33310285.71,2
Kaur,333250000,219733857.1,5
Bengkulu Tengah,62100000,36720428.57,4
Bengkulu Tengah,14498262,20851428.57,1
Kota Bengkulu,29850000,38850285.71,2
Kota Bengkulu,28505411,42534285.71,5
Kota Bengkulu,66718857,58498857.14,4
Bengkulu Tengah,77008000,36379293.71,5
Bengkulu Tengah,57647000,50606600,4
Kota Bengkulu,34840000,66128000,7
Kota Bengkulu,17079573,17185285.71,2
Bengkulu Tengah,19316000,20337142.86,2
Kaur,59542857,60148000,2
Bengkulu Tengah,144000000,83377142.86,2
Bengkulu Tengah,28200000,35379142.86,5
Kota Bengkulu,44260000,57552285.71,4
Kaur,67148000,64158000,4
Kaur,79227142,63121500,3
Kaur,85397428,51066403.43,9
Kaur,107680000,79138822.86,3
Bengkulu Tengah,41336000,37437000,3
Kota Bengkulu,195325000,209380000,5
Bengkulu Tengah,113412972,70128571.43,4
Kota Bengkulu,19950000,24628597.14,1
Kota Bengkulu,39110714,33740285.71,5
Bengkulu Tengah,104245834,152101714.3,12
Bengkulu Tengah,145000000,79900000,3
Kota Bengkulu,37280000,42561142.86,2
Bengkulu Tengah,14400000,17863314.29,5
Kota Bengkulu,108900000,97351714.29,4
Kota Bengkulu,23500000,45248857.14,2
Bengkulu Tengah,163100000,20833428.57,2
Kota Bengkulu,50200000,42451714.29,5
Kota Bengkulu,409000000,439026857.1,4
Bengkulu Tengah,30700000,30379857.14,4
Kota Bengkulu,79150000,59695428.57,5
Kota Bengkulu,86200000,77124857.14,5
Bengkulu Tengah,137405000,35602571.43,2
Kota Bengkulu,51800000,42790857.14,3
Kota Bengkulu,105000000,113844000,3
Kaur,13421000,27758714.29,4
Bengkulu Tengah,45600000,50605714.29,4
Bengkulu Tengah,21600000,17857142.86,3
Kaur,107261428,80630000,4
Kota Bengkulu,21694000,24631428.57,1
Kaur,54714285,57648857.14,4
Kaur,34997142,35091000,4
Kota Bengkulu,61950000,66501285.71,6
Bengkulu Tengah,98490000,102613571.4,4
Kota Bengkulu,39300000,38402428.57,2
Bengkulu Tengah,6891359,19378285.71,4
Bengkulu Tengah,117600000,80255714.29,5
Bengkulu Tengah,72850000,74344657.14,2
Kota Bengkulu,31004000,31579285.71,5
Bengkulu Tengah,40200000,40641142.86,4
Kota Bengkulu,44025714,51767651.43,3
Kaur,41200000,34361571.43,5
Bengkulu Tengah,119120000,42445285.71,1
Kaur,34393000,42644285.71,7
Bengkulu Tengah,25290000,40217857.14,2
Kaur,212642000,57743642.86,6
Kota Bengkulu,50600000,43230000,2
Kaur,23057800,27095857.14,5
Bengkulu Tengah,186000000,140657142.9,5
Kota Bengkulu,349150000,138403571.4,5
Bengkulu Tengah,39400000,38421428.57,3
Kaur,4226731,23432857.14,2
Bengkulu Tengah,12000000,107355571.4,2
Kaur,35984200,33095428.57,2
Bengkulu Tengah,41162442,41104857.14,5
Bengkulu Tengah,21114200,19736857.14,4
Kota Bengkulu,64400000,38162857.14,3
Kaur,39397142,41311285.71,5
Kota Bengkulu,170200000,164201428.6,6
Kota Bengkulu,171400000,151109285.7,5
Bengkulu Tengah,32800000,31260142.86,1
Kota Bengkulu,9374284,12794857.14,3
Kota Bengkulu,55945000,72760142.86,5
Kota Bengkulu,64932000,60525857.14,5
Bengkulu Tengah,21000000,20707428.57,7
Bengkulu Tengah,18474928,19067428.57,3
Kaur,6636428,17907857.14,3
Bengkulu Tengah,14018000,38322285.71,5
Bengkulu Tengah,441800000,413085000,3
Bengkulu Tengah,76800000,41584828.57,4
Bengkulu Tengah,34060000,52665285.71,5
Kaur,54220000,70486428.57,3
Kota Bengkulu,77800000,66742142.86,3
Kota Bengkulu,52028571,44812142.86,1
Bengkulu Tengah,64475000,42428285.71,8
Kaur,18997000,25734000,6
Kaur,62236728,62169714.29,3
Bengkulu Tengah,41050000,32632857.14,4
Bengkulu Tengah,16875000,31895714.29,4
Bengkulu Tengah,490200000,88520000,5
Bengkulu Tengah,26680000,34915428.57,5
Kaur,22485000,31430714.29,4
Kota Bengkulu,56026000,78382285.71,5
Kota Bengkulu,80817000,50670428.57,4
Kaur,61260000,69587571.43,4
Kota Bengkulu,100600000,106221428.6,3
Kaur,13988571,23478000,3
Kota Bengkulu,58150000,30479428.57,5
Kota Bengkulu,75000000,63270857.14,4
Bengkulu Tengah,26736000,47484571.43,5
Bengkulu Tengah,52600000,77105142.86,4
Bengkulu Tengah,34092000,70962285.71,3
Kota Bengkulu,18406000,27036285.71,1
Bengkulu Tengah,87000000,45466571.43,4
Kota Bengkulu,137500000,50101428.57,3
Bengkulu Tengah,28950000,28875714.29,3
Kota Bengkulu,40930000,46628285.71,1
Bengkulu Tengah,25845928,29003142.86,4
Kota Bengkulu,56076000,58787428.57,3
Kota Bengkulu,75000000,133656000,6
Kota Bengkulu,409360000,134712000,5
Bengkulu Tengah,44836290,75853428.57,4
Kaur,75117000,88902142.86,4
Kota Bengkulu,12000000,22611428.57,2
Bengkulu Tengah,22080000,23004571.43,2
Kaur,26751428,39174268.57,4
Kota Bengkulu,27100000,33877142.86,1
Bengkulu Tengah,137029783,109119071.4,4
Bengkulu Tengah,23930000,29710000,5
Kota Bengkulu,105000000,83539697.14,6
Bengkulu Tengah,16590000,18781000,4
Kaur,15792000,15338285.71,2
Kaur,31370000,77474285.71,3
Kaur,100200000,80614285.71,3
Kota Bengkulu,84000000,19497142.86,6
Bengkulu Tengah,8300000,69662857.14,4
Kaur,40725000,36086285.71,4
Bengkulu Tengah,26380000,26321428.57,2
Bengkulu Tengah,9696174,21780714.29,6
Bengkulu Tengah,7676590,32440000,5
Bengkulu Tengah,41740000,54004285.71,5
Kota Bengkulu,175657714,141430571.4,4
Bengkulu Tengah,41099143,29789714.29,2
Bengkulu Tengah,21680650,25553394.14,3
Kaur,26455700,15323142.86,3
Kota Bengkulu,97800000,79047571.43,3
Kaur,70768000,62294000,5
Bengkulu Tengah,30267208,39752571.43,4
Bengkulu Tengah,69216000,45954285.71,3
Kota Bengkulu,4600000,4578571.429,2
Bengkulu Tengah,65000000,71159428.57,6
Bengkulu Tengah,17600000,60651857.14,4
Bengkulu Tengah,23960000,23117714.29,5
Kaur,91833333,87940000,3
Bengkulu Tengah,42384534,44831713.71,3
Bengkulu Tengah,47000000,75667428.57,4
Kaur,44980000,35089857.14,3
Bengkulu Tengah,11778000,31812571.43,5
Bengkulu Tengah,19518627,24133000,4
Kota Bengkulu,49650000,49347142.86,2
Kota Bengkulu,197000000,83305000,2
Kaur,127892000,104850697.1,6
Kota Bengkulu,277600000,92987857.14,3
Kota Bengkulu,121524732,105304428.6,4
Kota Bengkulu,49327502,35600000,6
Bengkulu Tengah,28000000,15750000,4
Bengkulu Tengah,41219000,39464285.71,4
Kota Bengkulu,62443000,74183285.71,3
Kaur,38187000,34677571.43,2
Kota Bengkulu,30551000,69118285.71,5
Kota Bengkulu,169600000,45345571.43,4
Kota Bengkulu,170904000,43772285.71,3
Bengkulu Tengah,68880000,73869635.43,5
Kota Bengkulu,64000000,40959142.86,4
Bengkulu Tengah,31815000,41267514.29,5
Kaur,73300000,41892857.14,4
Kota Bengkulu,72630000,46936457.14,3
Bengkulu Tengah,68830000,27844428.57,3
Kaur,34655420,33391285.71,3
Bengkulu Tengah,618500000,356160714.3,7
Kota Bengkulu,205000000,201377857.1,4
Bengkulu Tengah,30980000,42847714.29,5
Bengkulu Tengah,29077324,29681142.86,4
Bengkulu Tengah,52800000,28162857.14,6
Bengkulu Tengah,46650000,53115142.86,4
Kota Bengkulu,37000000,34300000,1
Kaur,13879996,41271942.86,5
Bengkulu Tengah,44000000,42088642.86,4
Kaur,12850000,20655428.57,5
Bengkulu Tengah,34000000,34782285.71,4
Bengkulu Tengah,18325000,18988571.43,2
Kaur,18377857,17782285.71,4
Kota Bengkulu,43304000,56114857.14,2
Kota Bengkulu,75744000,50395285.71,2
Bengkulu Tengah,47568000,46991428.57,4
Bengkulu Tengah,329600000,164989485.7,5
Bengkulu Tengah,61600000,33582428.57,4
Kaur,115400000,99258571.43,3
Kaur,48536000,48717285.71,4
Bengkulu Tengah,78369000,76477857.14,3
Kota Bengkulu,103500000,81647428.57,5
Bengkulu Tengah,47920000,45247857.14,5
Kaur,34667142,32854428.57,4
Kota Bengkulu,206000000,77690571.43,5
Kota Bengkulu,21989571,21476142.86,1
Kota Bengkulu,55062000,63633571.43,1
Kota Bengkulu,36016000,42194571.43,1
Kota Bengkulu,98350000,76650000,4
Kota Bengkulu,94800000,86055142.86,5
Bengkulu Tengah,35141907,48463428.57,3
Bengkulu Tengah,32000000,33066285.71,5
Kota Bengkulu,31046004,40848857.14,3
Kota Bengkulu,59300000,51923428.57,4
Kota Bengkulu,47330000,56328714.29,5
Bengkulu Tengah,45000000,52139142.86,3
Bengkulu Tengah,88300000,68301142.86,4
Bengkulu Tengah,66000000,77428428.57,6
Bengkulu Tengah,49864000,40988857.14,5
Bengkulu Tengah,42100000,51995125.71,5
Kota Bengkulu,51600000,45941714.29,3
Bengkulu Tengah,29600000,29057000,3
Bengkulu Tengah,46480000,41551000,3
Kaur,566142857,150644840,2
Bengkulu Tengah,47000000,32575428.57,7
Kota Bengkulu,299863000,93669142.86,4
Bengkulu Tengah,100264000,96952285.71,2
Bengkulu Tengah,106050000,102228942.9,5
Kota Bengkulu,315520000,376647428.6,4
Kota Bengkulu,33100000,41512000,4
Bengkulu Tengah,67550000,15895714.29,4
Kota Bengkulu,102900000,79792857.14,4
Bengkulu Tengah,11999824,26570428.57,7
Kota Bengkulu,65400000,64954142.86,4
Bengkulu Tengah,21190000,23803571.43,3
Kaur,87672857,69652428.57,6
Bengkulu Tengah,97081000,68125000,4
Kota Bengkulu,68850000,80511428.57,2
Bengkulu Tengah,134400000,41591714.29,5
Kota Bengkulu,42040000,22689428.57,5
Kaur,61843000,42624714.29,3
Bengkulu Tengah,3350000,31273090,4
Kaur,33352000,33751142.86,3
Bengkulu Tengah,45150000,45084000,4
Kota Bengkulu,86320000,63684000,3
Bengkulu Tengah,47320000,53150142.86,6
Bengkulu Tengah,84020000,35352857.14,9
Kota Bengkulu,38375713,40464285.71,1
Kota Bengkulu,107490000,104644714.3,2
Kaur,35298340,34117142.86,2
Bengkulu Tengah,23200000,24933000,4
Kota Bengkulu,78000000,107865714.3,5
Kota Bengkulu,21700000,47484285.71,1
Bengkulu Tengah,22220000,33559857.14,4
Kota Bengkulu,44300000,48552857.14,3
Bengkulu Tengah,244000000,101585714.3,3
Bengkulu Tengah,39690000,31333571.43,5
Bengkulu Tengah,133205000,90715285.71,4
Kota Bengkulu,44741000,45279285.71,1
Bengkulu Tengah,91000000,90745714.29,3
Kota Bengkulu,315000000,218522857.1,4
Kota Bengkulu,195800000,130328000,6
Kota Bengkulu,38875000,42480000,4
Bengkulu Tengah,34307393,24217000,5
Bengkulu Tengah,48976000,36256000,5
Kota Bengkulu,32188752,33729428.57,4
Kaur,39830000,38488571.43,4
Bengkulu Tengah,59900000,43554571.43,3
Bengkulu Tengah,81871429,59861714.29,5
Kaur,30000000,59074142.86,4
Kota Bengkulu,267150000,119156285.7,5
Bengkulu Tengah,80800000,69848571.43,4
Bengkulu Tengah,87357285,42009142.86,5
Kota Bengkulu,184800000,104412285.7,3
Kaur,8596000,22650428.57,3
Kota Bengkulu,123000000,106245714.3,4
Kota Bengkulu,40264000,65437714.29,1
Kota Bengkulu,231312366,82403428.57,9
Bengkulu Tengah,65511000,37557714.29,3
Bengkulu Tengah,5300000,23229000,5
Bengkulu Tengah,57650000,56928871.43,4
Kaur,14056000,16810142.86,4
Kota Bengkulu,15000000,41314285.71,1
Bengkulu Tengah,24011428,84366142.86,3
Bengkulu Tengah,20180000,38788285.71,4
Kaur,20380000,20393571.43,4
Kaur,40200000,31356857.14,6
Kota Bengkulu,146540000,120792142.9,4
Bengkulu Tengah,63600000,28790428.57,5
Kota Bengkulu,72230000,71770499.43,4
Kaur,86500000,60031857.14,4
Bengkulu Tengah,42814938,66000285.71,7
Kota Bengkulu,49000000,48052257.14,4
Kota Bengkulu,43457142,34337142.86,3
Kaur,96181428,166520600,4
Kota Bengkulu,131800000,98430000,5
Bengkulu Tengah,52154286,53330714.29,5
Kaur,102000000,46531428.57,5
Kota Bengkulu,5000000,26084285.71,3
Kota Bengkulu,35300000,42506285.71,1
Bengkulu Tengah,84000000,83757142.86,4
Kaur,150000000,22755714.29,4
Bengkulu Tengah,6000000,11410000,4
Kota Bengkulu,120000000,36747571.43,4
Kaur,54080000,102486000,4
Bengkulu Tengah,23501429,26818571.43,3
Kota Bengkulu,11400000,33863000,4
Kota Bengkulu,50000000,45535000,4
Bengkulu Tengah,14210955,52316285.71,4
Kota Bengkulu,45000000,30473285.71,2
Bengkulu Tengah,73435428,67863150.86,5
Kota Bengkulu,305128571,314121428.6,2
Kota Bengkulu,43000000,32045142.86,4
Kota Bengkulu,16200000,21872857.14,2
Bengkulu Tengah,152170000,13402428.57,3
Kota Bengkulu,96400000,39812857.14,4
Kota Bengkulu,16289760,20772142.86,1
Bengkulu Tengah,113364000,57648142.86,5
Bengkulu Tengah,24600000,21363285.71,4
Bengkulu Tengah,19900000,45301428.57,4
Bengkulu Tengah,46000000,27525428.57,3
Kota Bengkulu,96700000,76722857.14,6
Bengkulu Tengah,40140000,41924142.86,6
Kaur,19930000,45107428.57,2
Kota Bengkulu,141015000,200867857.1,2
Kota Bengkulu,65733439,59813428.57,4
Kota Bengkulu,124800000,65854857.14,5
Kaur,55300000,107573571.4,4
Kota Bengkulu,76674285,85560000,4
Bengkulu Tengah,19574572,30089285.71,3
Bengkulu Tengah,12060000,36859285.71,6
Kaur,111042000,51273142.86,4
Kota Bengkulu,85842000,64759142.86,5
Kota Bengkulu,139000000,108982214.3,5
Kota Bengkulu,42000000,28497428.57,4
Bengkulu Tengah,47975000,39887714.29,5
Bengkulu Tengah,34400000,45302285.71,4
Bengkulu Tengah,8050000,11196000,2
Bengkulu Tengah,25093057,21598342.86,3
Kota Bengkulu,14400000,43232571.43,5
Bengkulu Tengah,150875857,151265328.6,4
Kota Bengkulu,1160520000,220170000,7
Bengkulu Tengah,62680000,33515428.57,3
Kota Bengkulu,211000000,42619428.57,3
Bengkulu Tengah,39600000,32394285.71,5
Bengkulu Tengah,29400000,45178000,3
Kota Bengkulu,31966000,29999428.57,3
Bengkulu Tengah,12300000,38656428.57,5
Bengkulu Tengah,44400000,32933142.86,4
Kota Bengkulu,33600000,45413428.57,5
Kota Bengkulu,112254285,96024914.29,4
Bengkulu Tengah,100919000,107847428.6,3
Bengkulu Tengah,129851881,63750285.71,3
Bengkulu Tengah,33300000,29707820.57,3
Kota Bengkulu,55440000,36827142.86,2
Bengkulu Tengah,30960000,30087714.29,6
Kaur,25358000,21857428.57,3
Kota Bengkulu,78400000,100117142.9,5
Bengkulu Tengah,38474000,47713285.71,3
Kota Bengkulu,32467000,30970785.71,4
Bengkulu Tengah,305781667,43569000,5
Kota Bengkulu,25000000,42244357.14,4
Kaur,37750000,43283428.57,4
Kaur,64094285,40839785.71,5
Bengkulu Tengah,31722449,20139285.71,4
Bengkulu Tengah,70540000,88159428.57,3
Kota Bengkulu,49900000,28363428.57,4
Kaur,52792000,54165464.57,4
Bengkulu Tengah,46696046,51268285.71,5
Kota Bengkulu,120820000,140685571.4,4
Bengkulu Tengah,13128000,12057000,1
Bengkulu Tengah,44585000,67537000,2
Kota Bengkulu,28271400,30762985.71,2
Bengkulu Tengah,39560000,39405714.29,5
Kota Bengkulu,97600000,62107714.29,5
Bengkulu Tengah,107550000,29081000,5
Kaur,41792000,40138571.43,5
Kota Bengkulu,18000000,53600000,1
Kaur,54917000,35658142.86,2
Bengkulu Tengah,82558000,34089285.71,4
Kaur,80153379,49526428.57,2
Bengkulu Tengah,70650000,51448571.43,3
Bengkulu Tengah,91700000,74201428.57,4
Kota Bengkulu,100500000,133597142.9,4
Bengkulu Tengah,80770000,61532857.14,5
Bengkulu Tengah,250722000,200280142.9,5
Kota Bengkulu,35500000,30484428.57,1
Bengkulu Tengah,89000000,73881428.57,4
Kaur,67575000,67517714.29,4
Kota Bengkulu,67033000,89139857.14,3
Kota Bengkulu,36144000,42371428.57,4
Kota Bengkulu,249900000,62522142.86,3
Kota Bengkulu,120900000,64713714.29,4
Kota Bengkulu,56150000,27616785.71,2
Kota Bengkulu,75690000,174260000,4
Bengkulu Tengah,6290858,22869428.57,3
Kota Bengkulu,153000000,75561428.57,2
Kaur,59827000,39312285.71,5
Kota Bengkulu,78150000,76673142.86,2
Kota Bengkulu,54000000,61480285.71,6
Kota Bengkulu,52000000,47968142.86,4
Kaur,58842571,38185428.57,2
Kota Bengkulu,20000000,197931428.6,2
Kota Bengkulu,274000000,101118571.4,6
Bengkulu Tengah,61100000,41880857.14,3
Kota Bengkulu,123600000,120934285.7,3
Bengkulu Tengah,73200000,82933142.86,4
Bengkulu Tengah,138000000,90031428.57,4
Kota Bengkulu,56500000,63940982.86,4
Bengkulu Tengah,15600000,21952571.43,3
Kota Bengkulu,215400000,59848142.86,5
Kaur,78569860,47053000,2
Kota Bengkulu,837066666,588190000,7
Bengkulu Tengah,43970053,47171428.57,3
Bengkulu Tengah,1269380000,108841000,3
Bengkulu Tengah,119320000,121273714.3,6
Bengkulu Tengah,6240741,20472714.29,3
Kota Bengkulu,163200000,163137142.9,6
Kota Bengkulu,499500000,178913714.3,5
Kota Bengkulu,66250000,106077142.9,4
Bengkulu Tengah,5200000,20073571.43,4
Kota Bengkulu,279627500,213645074.3,3
Kaur,85092000,88801714.29,5
Kaur,92070000,92020714.29,4
Bengkulu Tengah,193375000,264586571.4,5
Kota Bengkulu,86000000,39562285.71,4
Kota Bengkulu,58250000,65035714.29,5
Bengkulu Tengah,51260000,46673714.29,7
Bengkulu Tengah,92280000,53771714.29,3
Kota Bengkulu,106500000,103851714.3,2
Bengkulu Tengah,74800000,45209845.71,3
Kota Bengkulu,75700000,55823714.29,2
Kaur,188949571,82813142.86,4
Kaur,51174000,55631571.43,4
Kota Bengkulu,82800000,85231142.86,4
Kota Bengkulu,26470000,23207142.86,1
Bengkulu Tengah,48162882,51069571.43,4
Bengkulu Tengah,29028000,43393714.29,2
Kaur,167000000,95307142.86,3
Kota Bengkulu,52200000,26025714.29,3
Kota Bengkulu,129000000,105881714.3,4
Bengkulu Tengah,109025000,78154142.86,5
Bengkulu Tengah,193800000,112918857.1,3
Kaur,96110000,72145428.57,3
Kota Bengkulu,165500000,62004285.71,4
Kota Bengkulu,7800000,44006485.71,3
Bengkulu Tengah,285400000,57436571.43,2
Kaur,106038285,146645285.7,5
Kota Bengkulu,151487100,140133428.6,5
Bengkulu Tengah,131771428,82133485.71,5
Bengkulu Tengah,243085761,55442571.43,2
Kaur,75500000,81078714.29,6
Kota Bengkulu,60360000,24005857.14,3
Kota Bengkulu,54000000,52926428.57,2
Kaur,149914285,51153285.71,3
Kota Bengkulu,199000000,108806000,5
Kaur,13940000,23733571.43,3
Kota Bengkulu,55500000,85506645.71,5
Kota Bengkulu,142330000,123328571.4,3
Kota Bengkulu,78903000,64802571.43,4
Kota Bengkulu,95508571,103440142.9,3
Kota Bengkulu,187100000,144420000,3
Kaur,83000000,60709857.14,4
Bengkulu Tengah,233265114,90435000,4
Bengkulu Tengah,102000000,39212857.14,5
Kaur,148800000,52437360,5
Kota Bengkulu,42085714,55587857.14,2
Bengkulu Tengah,80800000,80783571.43,3
Bengkulu Tengah,41900000,40817142.86,5
Kota Bengkulu,96660000,78896285.71,5
Kota Bengkulu,36800000,59230000,2
Kota Bengkulu,33740000,109099571.4,4
Kaur,150800000,54998571.43,2
Bengkulu Tengah,176400000,53725000,5
Bengkulu Tengah,41400000,50688000,3
Kota Bengkulu,230384000,125510965.7,5
Bengkulu Tengah,87600000,63184428.57,3
Kaur,151313571,58289920,3
Kota Bengkulu,34500000,37434285.71,1
Kaur,118092857,100712000,5
Kota Bengkulu,39141428,50972857.14,1
Kota Bengkulu,225650000,197398571.4,4
Bengkulu Tengah,43714285,28230008,4
Bengkulu Tengah,200000000,198272857.1,3
Kota Bengkulu,942000000,100833714.3,6
Bengkulu Tengah,158292000,88992285.71,6
Bengkulu Tengah,151840000,149328571.4,4
Kota Bengkulu,755400000,331557142.9,4
Bengkulu Tengah,41671428,25389285.71,2
Kaur,125400000,115043428.6,3
Kota Bengkulu,93900000,62505714.29,3
Kota Bengkulu,890800000,158990857.1,4
Kaur,105340000,137852142.9,2
Kaur,63200000,59620428.57,4
Bengkulu Tengah,109000000,131192000,3
Kota Bengkulu,24096000,35860428.57,1
Kota Bengkulu,80000000,92474285.71,5
Bengkulu Tengah,132630778,107755257.1,5
Kota Bengkulu,54500000,95360000,5
Kota Bengkulu,331810812,67480000,2
Kota Bengkulu,26038571,24105428.57,1
Kota Bengkulu,42100000,47685571.43,3
Kaur,53202000,47397142.86,6
Bengkulu Tengah,274060000,110503428.6,5
Kota Bengkulu,91600000,102094714.3,4
Kota Bengkulu,125200000,99354857.14,4
Kaur,281550000,87765428.57,4
Kota Bengkulu,63600000,63725714.29,6
Kota Bengkulu,128100000,57304728.57,3
Kota Bengkulu,101500000,71397857.14,5
Kota Bengkulu,39000000,43950571.43,3
Bengkulu Tengah,-20642858,96403142.86,5
Bengkulu Tengah,14260000,19012285.71,3
Kota Bengkulu,152350000,98136125.71,5
Bengkulu Tengah,110100000,66479142.86,5
Kota Bengkulu,244100000,223025714.3,5
Kaur,29753000,33833571.43,4
Kota Bengkulu,40350000,32458857.14,2
Kaur,137050000,53348571.43,3
Kota Bengkulu,840200000,409495714.3,6
Bengkulu Tengah,98760000,74534772.57,6
Bengkulu Tengah,273600000,83343285.71,3
Bengkulu Tengah,105051000,95427571.43,3
Bengkulu Tengah,46300000,79294285.71,5
Kota Bengkulu,117000000,147537142.9,2
Bengkulu Tengah,283700000,89320142.86,3
Kota Bengkulu,177200000,89715714.29,2
Kota Bengkulu,82000000,76744285.71,3
Bengkulu Tengah,44905334,28216571.43,3
Bengkulu Tengah,43000000,36652142.86,2
Bengkulu Tengah,285180000,131985000,4
Kaur,69904000,68552857.14,2
Kota Bengkulu,64390000,55032571.43,1
Bengkulu Tengah,166000000,65175214.29,3
Kota Bengkulu,204240000,75020571.43,3
Kota Bengkulu,168900000,154670285.7,6
Kota Bengkulu,180000000,76962142.86,3
Bengkulu Tengah,50360000,47512285.71,5
Kota Bengkulu,44614286,33938714.29,1
Bengkulu Tengah,67461655,54944285.71,3
Kota Bengkulu,98100000,87450857.14,4
Kota Bengkulu,23300000,55110697.14,2
Kota Bengkulu,134700000,77274285.71,5
Kota Bengkulu,166193371,105693142.9,2
Kota Bengkulu,126000000,61741428.57,4
Kota Bengkulu,1924000000,74457714.29,7
Bengkulu Tengah,301344142,90228000,4
Bengkulu Tengah,96900000,140053645.7,3
Bengkulu Tengah,17780000,16796428.57,4
Kota Bengkulu,1000000000,182765714.3,5
Kota Bengkulu,222565000,130583571.4,5
Kaur,224057142,166778571.4,3
Kaur,151070000,73757142.86,5
Bengkulu Tengah,105000000,58112142.86,3
Kota Bengkulu,340931668,263711428.6,4
Bengkulu Tengah,121000000,110022857.1,4
Kaur,188426000,39484142.86,3
Kaur,29100000,38462357.14,3
Kota Bengkulu,172000000,113036857.1,3
Kota Bengkulu,249357142,203597714.3,4
Kota Bengkulu,155236000,161757571.4,3
Kota Bengkulu,381376571,266364285.7,7
Kota Bengkulu,130018000,100990714.3,6
Kota Bengkulu,275250789,155938760,3
Bengkulu Tengah,181588571,214364714.3,4
Kaur,180200000,533555142.9,6
Kota Bengkulu,111500000,130639285.7,2
Kaur,269750000,84997142.86,6
Kaur,133428572,106373142.9,6
Kota Bengkulu,177210000,74716571.43,5
Kaur,8400000,32632714.29,4
Kota Bengkulu,50450000,57269142.86,2
Kota Bengkulu,272300000,101870942.9,4
Kota Bengkulu,1704000000,266294285.7,2
Kaur,129500000,125734857.1,4
Kota Bengkulu,179400000,130167142.9,5
Kota Bengkulu,862000000,191304285.7,6
Kaur,87000000,67851428.57,4
Kaur,19931000,24413000,3
Kaur,18375000,7698428.571,1
Kaur,166575714,53061571.43,6
Kaur,27532000,21016714.29,4
Kaur,8740000,8262857.143,1
Kaur,14590000,14508571.43,2
Kaur,26180000,22486714.29,2
Kaur,35937000,31962428.57,3
Kaur,22499247,18090571.43,3
Kaur,31775000,33127714.29,5
Kaur,26085250,22596142.86,1
Kaur,10461857,10109571.43,1
Kaur,33266857,34367428.57,4
Kaur,23609000,23188000,3
