pend_krt,jumlah_art,penerimaan,pengeluaran
1,1,51180000,25352285.71
1,1,6310000,27823342.86
1,1,4500000,36881428.57
1,1,22640000,24470000
1,1,26764285,22901285.71
1,1,92400000,93972000
1,1,14899824,16077285.71
1,1,26100000,33354285.71
1,1,28510000,28444585.71
1,1,22730634,31040000
1,1,27027619,15714000
1,1,11800081,13564285.71
1,1,13521000,20828142.86
1,1,12212000,12232000
1,1,14400000,16987285.71
1,1,23020000,25073428.57
1,1,155340000,90778714.29
1,1,23000000,27430000
1,1,23698668,22845714.29
1,1,59375000,42353142.86
1,1,40050000,41660428.57
1,1,11280000,10105714.29
1,1,24233218,31878428.57
1,1,24400000,27984971.43
1,1,79200000,63026285.71
1,1,22500000,43919428.57
1,1,122600000,122051142.9
1,1,14440000,9211285.714
1,1,64800000,55553142.86
1,1,40200000,21127428.57
1,1,60919000,96370285.71
1,1,17172857,17147108.86
1,1,10140000,32906428.57
1,1,11557718,11918857.14
1,1,21131000,26555285.71
1,1,39868000,44311714.29
1,1,25406666,28550714.29
1,1,21600000,32679285.71
1,1,17780000,25243428.57
1,1,42797142,21851428.57
1,1,15600000,21675714.29
1,1,13002000,15711714.29
1,1,18100000,27274000
1,1,19100000,18231571.43
1,1,14629534,14872428.57
1,1,43236000,31289285.71
1,1,25632000,25446571.43
1,1,27463779,21759857.14
1,1,25588000,26389714.29
1,1,7500000,19584285.71
1,1,29055000,28733142.86
1,1,11270000,23192000
1,1,13900000,13944285.71
1,1,19880000,28639142.86
1,1,8680000,21003285.71
1,1,13341511,14991285.71
1,1,11720000,22330000
1,1,51868000,46093657.14
1,1,88210600,41673428.57
1,1,23420000,18706000
1,1,-3850000,26916857.14
1,1,223740000,102737285.7
1,1,4878000,6944428.571
1,1,25100000,24090142.86
1,1,23226000,28889142.86
1,1,45800000,18348571.43
1,1,17470000,15834714.29
1,1,22650714,15926142.86
1,1,24299523,32860714.29
1,1,19200000,23507071.43
1,1,55350000,54360571.43
1,1,29073568,50271428.57
1,1,1643000,3849142.857
1,1,41840000,41795857.14
1,1,33169068,72746000
1,1,20060000,51738142.86
1,1,51454000,29161714.29
1,1,10360000,10224857.14
1,1,7407645,9905428.571
1,1,45600000,28023571.43
1,1,7506000,12452000
1,1,29880000,30910857.14
1,1,65514285,33880000
1,1,6592000,6964285.714
1,1,6613814,24960000
1,1,37122967,35226250
1,1,12528000,12880428.57
1,1,15402857,16046714.29
1,1,18500000,29264142.86
1,1,37055429,21780000
1,1,42182000,45355428.57
1,1,49785714,51253142.86
1,1,13933652,43962571.43
1,1,26100000,22179857.14
1,1,15584000,15542000
1,1,17450000,15759142.86
1,1,4800000,37055714.29
1,1,18171428,17580000
1,1,138400000,108811000
1,1,57840000,29866142.86
1,1,74913000,34615857.14
1,1,38100000,31425571.43
1,1,28224000,18807714.29
1,1,39220000,19889285.71
1,1,41022840,47300840
1,1,41854000,41343714.29
1,1,14746148,40926714.29
1,1,19017814,33849857.14
1,1,53893500,17549428.57
1,1,13315057,24766874.29
1,1,3750000,4686428.571
1,1,34121428,30046428.57
1,1,20496892,28460857.14
1,1,25072000,36196857.14
1,1,41800000,35660714.29
1,1,7976944,25283142.86
1,1,11800000,24899571.43
1,1,24685185,22466000
1,1,4800000,11539000
1,1,16983571,17350000
1,1,20000000,35905571.43
1,1,22780000,25559785.71
1,1,8730634,28236000
1,1,23700000,21855714.29
1,1,18000000,37758285.71
1,1,57696228,34609071.43
1,1,27216000,26670428.57
1,1,12876800,11903714.29
1,1,35570000,35375285.71
1,1,18200000,49330000
1,1,9066046,22900000
1,1,26055754,25497857.14
1,1,3036000,8378000
1,1,34400000,31264285.71
1,1,44100000,35005142.86
1,1,5420000,9642142.857
1,1,24661336,26778142.86
1,1,26810000,24154428.57
1,1,23244955,30698000
1,1,37730000,46231142.86
1,1,8992285,9543142.857
1,1,2748000,8719714.286
1,1,121840000,120853714.3
1,1,11623113,21166285.71
1,1,34600000,33394000
1,1,11428000,16041714.29
1,1,19360000,19325714.29
1,1,24600000,19884571.43
1,1,60805000,61897285.71
1,1,18049000,25013571.43
1,1,42468819,53598571.43
1,1,19852000,32880000
1,1,14041547,27547874.29
1,1,15500000,19348714.29
1,1,70200000,24980000
1,1,25278571,25255214.29
1,1,23869255,23269142.86
1,1,25785000,26222571.43
1,1,19835000,19679000
1,1,41500000,25101714.29
1,1,16948142,16948142.86
1,1,11201428,10601428.57
1,1,362720000,66561428.57
1,1,2141511,10189714.29
1,1,26920000,26618571.43
1,1,11375097,14862857.14
1,1,5699500,15904857.14
1,1,14291857,13855428.57
1,1,24000000,24036571.43
1,1,9580000,15154428.57
1,1,28650000,47437142.86
1,1,4750000,22765000
1,1,12000000,15295857.14
1,1,16600000,54221498.29
1,1,7235000,4838142.857
1,1,21700000,33095428.57
1,1,7287000,12659357.14
1,1,10309499,34337857.14
1,1,33046046,99217142.86
1,1,33340000,32761214.29
1,1,53840000,56059000
1,1,52000000,54515000
1,1,-8000000,79540000
1,1,27380000,20014000
1,1,48000000,14951428.57
1,1,3210000,7373714.286
1,1,24200000,24117857.14
1,1,13830000,13922857.14
1,1,1805000,5037857.143
1,1,39715000,37519142.86
1,1,24840000,29825714.29
1,1,4195378,16617857.14
1,1,13316290,15900857.14
1,1,21220000,12554571.43
1,1,27220000,25375857.14
1,1,57528572,21336982.86
1,1,30298000,43006857.14
1,1,65969000,39696571.43
1,1,17660332,21530428.57
1,1,38052150,22459000
1,1,23461426,37904657.14
1,1,18650000,36192571.43
1,1,11860857,11276571.43
1,1,28980000,28030284.86
1,1,37780000,47204285.71
1,1,18200000,19840571.43
1,1,41198830,36425142.86
1,1,1558000,6319428.571
1,1,17914286,41582857.14
1,1,11393814,22809428.57
1,1,11333615,11923428.57
1,1,2884607,12866857.14
1,1,3500000,3789357.143
1,1,19810000,21217142.86
1,1,8798194,23507857.14
1,1,16592267,17688571.43
1,1,15780000,20130714.29
1,1,39271162,36051571.43
1,1,54960000,16725428.57
1,1,6528000,7018000
1,1,54960000,30951428.57
1,1,15600000,20191857.14
1,1,3507500,24714710.29
1,1,54170000,39961428.57
1,1,15156000,14239714.29
1,1,22881230,31806142.86
1,1,10789000,11120000
1,1,4038459,6308571.429
1,1,8788097,10462794.29
1,1,27212858,39366571.43
1,1,37600000,48949000
1,1,5012267,25068571.43
1,1,23385715,35803857.14
1,1,54900000,54278285.71
1,1,20646016,26109285.71
1,1,16728348,19340714.29
1,1,53825449,7334571.429
1,1,23580898,24400571.43
1,1,52240000,51990714.29
1,1,34013585,33999392.86
1,1,7500000,41346857.14
1,1,81000000,99331714.29
1,1,18648743,30896428.57
1,1,13600000,41314714.29
1,1,25270000,74517000
1,1,64666329,54789000
1,1,12600000,8997857.143
1,1,7761511,16654571.43
1,1,17611236,28116857.14
1,1,26837645,41279142.86
1,1,139995437,143498428.6
1,1,20090000,28140971.43
1,1,27880000,22258857.14
1,1,48769068,49970285.71
1,1,11537019,22494571.43
1,1,10180000,25285714.29
1,1,104566000,70337285.71
1,1,22700000,32801857.14
1,1,27720000,19806857.14
1,1,37700000,23067714.29
1,1,13354000,19572285.71
1,1,5719991,33960571.43
1,1,12023000,23289714.29
1,1,5853779,8990857.143
1,1,15234357,19077642.86
1,1,30115000,35256142.86
1,1,8262364,25888142.86
1,1,26500000,25370857.14
1,1,21800000,32480000
1,1,18940000,23353714.29
1,1,29050000,18258285.71
1,1,41840000,120750000
1,1,21000000,22542857.14
1,1,7740000,16703714.29
1,1,32885000,37233571.43
1,1,9341441,36480000
1,1,9900000,14312714.29
1,1,49400000,49300948.57
1,1,8620000,22945142.86
1,1,27200000,32751142.86
1,1,52200000,86657857.14
1,1,39060000,51050714.29
1,1,44800000,34258000
1,1,33580000,23992428.57
1,1,12100000,11975000
1,1,16840000,26993285.71
1,1,43730000,86433857.14
1,1,7450286,10817714.29
1,1,13508176,28643142.86
1,1,30120000,14241500
1,1,13438000,21053142.86
1,1,6501428,20635428.57
1,1,22107557,20441142.86
1,1,36440000,27443571.43
1,1,19385000,22815182.86
1,1,5800000,21512285.71
1,1,26500000,26058857.14
1,1,43600000,34698428.57
1,1,29000000,40126285.71
1,1,20788000,20984500
1,1,33296000,31227428.57
1,1,33030000,26121142.86
1,1,7760000,7487857.143
1,1,10950000,27688228.57
1,1,14605100,29869142.86
1,1,20936158,17210857.14
1,1,10639964,22562142.86
1,1,28433779,22669714.29
1,1,57170000,50947142.86
1,1,10926000,13542285.71
1,1,85620000,74400314.29
1,1,40200000,28506428.57
1,1,18570000,33117714.29
1,1,19531428,15195714.29
1,1,22980723,15942857.14
1,1,6700000,15140857.14
1,1,31388572,30575714.29
1,1,29300000,26782142.86
1,1,16618000,12639714.29
1,1,36599000,34313285.71
1,1,37160000,25447571.43
1,1,26440000,26394000
1,1,8368520,39392854.14
1,1,4627511,7107942.857
1,1,45851000,52914000
1,1,68980072,53112857.14
1,1,41600000,72037142.86
1,1,22738571,26794428.57
1,1,146000000,17442857.14
1,1,5984534,8222142.857
1,1,473820000,124816000
1,1,11236000,14978571.43
1,1,17364000,20878485.71
1,1,12200000,11067714.29
1,1,30500000,18771714.29
1,1,6827500,34200142.86
1,1,21320000,22107857.14
1,1,46800000,35793857.14
1,1,30693720,43189428.57
1,1,7600000,46235142.86
1,1,38814286,29679714.29
1,1,27383031,16187142.86
1,1,245609176,255220571.4
1,1,52860000,29695857.14
1,1,24017070,25348285.71
1,1,37707469,23345428.57
1,1,39984000,36526500
1,1,4100000,9136285.714
1,1,36300000,39563714.29
1,1,29845284,26867142.86
1,1,58470821,56479142.86
1,1,37790000,25844428.57
1,1,40770500,28818000
1,1,34500000,38152142.86
1,1,12300000,16137142.86
1,1,19665000,27812714.29
1,1,17205000,39713142.86
1,1,18792395,17522857.14
1,1,26200000,26470000
1,1,48000000,49348857.14
1,1,42816000,32725857.14
1,1,46800000,24501857.14
1,1,17450000,17674000
1,1,49095000,37506142.86
1,1,20784916,28620000
1,1,6704364,35700000
1,1,13010000,15574428.57
1,1,98675000,79242857.14
1,1,71035000,27585142.86
1,1,25464000,25422142.86
1,1,25820000,29686285.71
1,1,4550756,17152857.14
1,1,102720000,76563094.57
1,1,20153779,25432865.14
1,1,85623000,80871085.71
1,1,33071428,12667428.57
1,1,19887000,18490000
1,1,32248091,40325000
1,1,45118000,46100714.29
1,1,20545000,19783214.29
1,1,57000000,92140428.57
1,1,36378751,53629714.29
1,1,22575000,21037142.86
1,1,22830000,40913857.14
1,1,42100580,31763357.14
1,1,11647428,11832571.43
1,1,70280000,46945285.71
1,1,23200000,27574285.71
1,1,23267000,34579428.57
1,1,2184593,9382285.714
1,1,23714000,17386982.86
1,1,39950000,39477714.29
1,1,35715000,47357142.86
1,1,16627500,10438714.29
1,1,4507645,53467571.43
1,1,21400000,14684285.71
1,1,27675334,47013857.14
1,1,66910000,33622285.71
1,1,45550000,41801428.57
1,1,36224000,33985000
1,1,17400000,19541142.86
1,1,43468000,78691571.43
1,1,8800000,25669142.86
1,1,12720000,24955857.14
1,1,14095382,30265571.43
1,1,17250000,15641428.57
1,1,16135000,32824428.57
1,1,17850000,14864714.29
1,1,41860000,29713714.29
1,1,42600000,50703214.29
1,1,34100000,28378285.71
1,1,16620000,20318714.29
1,1,6739148,29741428.57
1,1,32896000,28060428.57
1,1,27923602,47474285.71
1,1,6656000,15081571.43
1,1,17900000,21679285.71
1,1,31815000,33630000
1,1,70290000,55161285.71
1,1,31861000,31838714.29
1,1,17300000,50375714.29
1,1,21850000,17506428.57
1,1,41448000,28739428.57
1,1,30630000,54813428.57
1,1,50800000,49969142.86
1,1,10310000,6289285.714
1,1,24884000,32759142.86
1,1,21263591,21855500
1,1,47337000,42598571.43
1,1,8160000,25479714.29
1,1,9986000,25769857.14
1,1,15400000,26372857.14
1,1,34415000,15949714.29
1,1,114105000,43873857.14
1,1,72970000,56897428.57
1,1,36808678,65499142.86
1,1,62400000,52682000
1,1,29924297,7666285.714
1,1,13312000,19850857.14
1,1,67900000,41553714.29
1,1,11052029,19587171.43
1,1,21900000,23392285.71
1,1,79250000,45901714.29
1,1,14610000,21391571.43
1,1,35372258,51165857.14
1,1,14688000,15619285.71
1,1,23450000,23406142.86
1,1,20033399,20138428.57
1,1,41968333,72172000
1,1,86100000,68992268.57
1,1,66631428,64975142.86
1,1,28020000,27325571.43
1,1,59920000,53949857.14
1,1,10300000,51860285.71
1,1,41100000,35914285.71
1,1,22065000,28403571.43
1,1,57436836,70843907.43
1,1,32300000,24203428.57
1,1,30399765,29618142.86
1,1,24762000,24161714.29
1,1,47120000,57406571.43
1,1,13114285,17509857.14
1,1,34204359,37659000
1,1,35880000,42825714.29
1,1,8980000,19286285.71
1,1,28000000,74753714.29
1,1,19250000,19208142.86
1,1,45120000,45059714.29
1,1,12792000,12721000
1,1,58261500,67658142.86
1,1,34368000,33916714.29
1,1,14620000,28867857.14
1,1,25700000,22018571.43
1,1,14300000,17080714.29
1,1,54630000,63196000
1,1,29065714,28680428.57
1,1,65293000,65886714.29
1,1,42000000,43358571.43
1,1,31710000,28002142.86
1,1,201358313,202357428.6
1,1,12497428,12148285.71
1,1,34899285,34497000
1,1,18900000,22168285.71
1,1,110000000,94529714.29
1,1,8400000,24199047.29
1,1,39550000,40296857.14
1,1,29210000,63119428.57
1,1,72040000,71402108.57
1,1,29459068,33854857.14
1,1,29179912,47276142.86
1,1,16650000,50380142.86
1,1,62200000,77203142.86
1,1,44515000,58562142.86
1,1,62100000,45347000
1,1,34155857,34484428.57
1,1,124380500,11875857.14
1,1,7200000,26763428.57
1,1,38208534,20510857.14
1,1,4714000,14500000
1,1,28100000,34238285.71
1,1,47100000,41728142.86
1,1,67497000,58985714.29
1,1,68882857,56977571.43
1,1,13355144,16047714.29
1,1,15410000,18520285.71
1,1,55200000,47936857.14
1,1,34019643,32192285.71
1,1,21749165,37956428.57
1,1,115255719,77401428.57
1,1,9158000,25368000
1,1,9240000,31873142.86
1,1,79380000,89575714.29
1,1,26923023,28496857.14
1,1,46850000,27473714.29
1,1,20600000,13362000
1,1,12936000,18105142.86
1,1,27934300,22642285.71
1,1,20792857,21171857.14
1,1,67072000,40766857.14
1,1,19856553,64386857.14
1,1,20010000,20598285.71
1,1,14610000,17722142.86
1,1,13742267,11880285.71
1,1,21154285,19596000
1,1,11097400,9661471.429
1,1,12184534,48338857.14
1,1,48700000,22261142.86
1,1,90760000,34194000
1,1,52500000,90980285.71
1,1,5600000,21201428.57
1,1,36050000,31986142.86
1,1,21070000,20772757.14
1,1,22000000,25978714.29
1,1,680000,13285428.57
1,1,23800000,23527500
1,1,281500000,155993142.9
1,1,30240000,25850571.43
1,1,9532557,18329714.29
1,1,29157858,28779428.57
1,1,47450000,83035428.57
1,1,16560000,23691000
1,1,31009381,45747000
1,1,71700000,61564285.71
1,1,52830000,65208571.43
1,1,7500000,21791428.57
1,1,28230000,32964028.57
1,1,40976000,55155142.86
1,1,94728572,50673571.43
1,1,45800000,30741428.57
1,1,29283626,41851714.29
1,1,17039947,18418282.86
1,1,74420000,72583571.43
1,1,134671428,51081285.71
1,1,14260000,14166000
1,1,20190000,19995000
1,1,7771446,29409714.29
1,1,40057000,43718428.57
1,1,11115000,26168857.14
1,1,12800000,27761428.57
1,1,32310000,35187285.71
1,1,11110756,15847142.86
1,1,21352000,18591571.43
1,1,28582856,28571714.29
1,1,33200000,20949285.71
1,1,11195000,28054571.43
1,1,23180000,23429571.43
1,1,26833000,32814285.71
1,1,18001125,21234428.57
1,1,55420000,57313142.86
1,1,31550000,29721428.57
1,1,23058000,23054571.43
1,1,12575000,30275285.71
1,1,31405858,52417071.43
1,1,10440000,28562571.43
1,1,54800000,45086000
1,1,20240000,20974285.71
1,1,7301143,12020571.43
1,1,53708000,156892285.7
1,1,15200000,18990000
1,1,15582827,24333714.29
1,1,16180000,39402000
1,1,85559000,24462857.14
1,1,15920000,17967142.86
1,1,32560000,13459714.29
1,1,23840000,42988571.43
1,1,30002000,24760428.57
1,1,22210152,29526000
1,1,20096000,30647571.43
1,1,57370000,57070857.14
1,1,43400000,41457857.14
1,1,37016000,35906571.43
1,1,26770000,30355714.29
1,1,207600000,48688285.71
1,1,35101428,34936571.43
1,1,11870668,18154857.14
1,1,50700000,48829571.43
1,1,53700000,69128000
1,1,2287134,21499571.43
1,1,9600000,16857142.86
1,1,57000000,45664857.14
1,1,33340000,90890428.57
1,1,47178110,50503285.71
1,1,21190000,29441714.29
1,1,20400000,31418214.29
1,1,95191182,99305000
1,1,14400000,35003714.29
1,1,91500000,91324428.57
1,1,17920000,13431428.57
1,1,12511429,12327142.86
1,1,34740423,40081071.43
1,1,36300000,38109428.57
1,1,105807142,44215680
1,1,51814000,54495142.86
1,1,86762000,99399257.14
1,1,69505714,30756857.14
1,1,37976818,35624571.43
1,1,26520000,36993493.43
1,1,18800000,18448571.43
1,1,11750000,20775428.57
1,1,31933500,27973428.57
1,1,71515000,31943502.86
1,1,21465625,19576714.29
1,1,10600000,26396571.43
1,1,16750000,32687571.43
1,1,7060000,14490571.43
1,1,15976889,20746125.71
1,1,61482000,55901857.14
1,1,36681000,28857571.43
1,1,23965142,24060428.57
1,1,12758509,15666428.57
1,1,66942857,42280142.86
1,1,26900000,20656428.57
1,1,54796000,47062285.71
1,1,29097142,32602982.86
1,1,30520000,29217000
1,1,15200000,14702857.14
1,1,27035000,29504000
1,1,66690000,46948857.14
1,1,25300000,25752000
1,1,128461511,43188857.14
1,1,59070000,51135856.14
1,1,9400000,9290714.286
1,1,90500000,45857571.43
1,1,52100000,45384285.71
1,1,28600000,26790000
1,1,54500000,48669857.14
1,1,62200000,47607571.43
1,1,14642857,27902000
1,1,52114103,29278571.43
1,1,26828000,27238150
1,1,24304858,27930785.71
1,1,22748571,18276142.86
1,1,10540866,19172000
1,1,93750000,75825714.29
1,1,323000000,92308428.57
1,1,43950000,46376428.57
1,1,82644581,98763906.29
1,1,58800000,39751714.29
1,1,14381441,24639714.29
1,1,31600000,51318285.71
1,1,20090000,24391428.57
1,1,53400000,64007714.29
1,1,19850000,21841142.86
1,1,29660000,25786000
1,1,27520000,28935857.14
1,1,31520000,28400571.43
1,1,35400000,28000285.71
1,1,87000000,67851428.57
1,1,19931000,24413000
1,1,18375000,7698428.571
1,1,27532000,21016714.29
1,1,8740000,8262857.143
1,1,14590000,14508571.43
1,1,26180000,22486714.29
1,1,35937000,31962428.57
1,1,22499247,18090571.43
1,1,26085250,22596142.86
1,1,10461857,10109571.43
1,1,33266857,34367428.57
1,1,23609000,23188000
1,2,10538371,29373142.86
1,2,40551796,44350285.71
1,2,4574930,39407142.86
1,2,15889285,23619885.71
1,2,30830000,58990000
1,2,54885714,54693142.86
1,2,35184000,34256000
1,2,15890000,35357142.86
1,2,17281838,36263857.14
1,2,27892000,46693142.86
1,2,35125000,34207785.71
1,2,141400000,93144142.86
1,2,43400000,114105714.3
1,2,903400000,23074285.71
1,2,22900000,28474857.14
1,2,39331182,59251428.57
1,2,28152536,36072000
1,2,45860142,46834714.29
1,2,1715000,28110571.43
1,2,54277000,32467285.71
1,2,56100000,38188857.14
1,2,11020000,16876785.71
1,2,54000000,23606571.43
1,2,29000000,68576857.14
1,2,48265000,79856680
1,2,27807557,33768571.43
1,2,15950000,17688714.29
1,2,18940000,24659428.57
1,2,32800000,24659142.86
1,2,77582038,71454840
1,2,3431533,42388142.86
1,2,24282000,40471714.29
1,2,31628572,31992142.86
1,2,61066000,57712714.29
1,2,21850000,20855714.29
1,2,75250000,73382857.14
1,2,21107557,34944285.71
1,2,75920000,65820000
1,2,22920000,22906857.14
1,2,32380000,37153714.29
1,2,36964286,29992714.29
1,2,19240000,21219714.29
1,2,8200000,28262285.71
1,2,11960937,14448571.43
1,2,19928000,26842571.43
1,2,16598000,14753428.57
1,2,34511000,25628285.71
1,2,35545000,36147857.14
1,2,37803000,52217142.86
1,2,22760000,50631994.29
1,2,72500000,62101142.86
1,2,44830000,42315857.14
1,2,19225000,46907000
1,2,42235000,33132714.29
1,2,11790000,17127714.29
1,2,18046116,26354285.71
1,2,36044285,34912428.57
1,2,18986499,37022571.43
1,2,7061482,28485714.29
1,2,12992000,36718714.29
1,2,76637091,47134571.43
1,2,76164986,57634428.57
1,2,26393272,44085285.71
1,2,62050000,33437142.86
1,2,70507716,35233571.43
1,2,26480624,19274857.14
1,2,8687378,16912000
1,2,74780165,58613142.86
1,2,48100000,34500000
1,2,86300000,67580571.43
1,2,18616872,26425714.29
1,2,68007000,46651428.57
1,2,31476450,25714285.71
1,2,30035000,24267000
1,2,8420000,13470714.29
1,2,49208500,42919000
1,2,63600000,26965714.29
1,2,14282964,39922285.71
1,2,16595000,70449857.14
1,2,23400000,31655142.86
1,2,26680000,31178697.14
1,2,26900000,25837285.71
1,2,38120000,37396571.43
1,2,6075378,20239571.43
1,2,15641494,47040000
1,2,35139000,70849142.86
1,2,51352030,27538857.14
1,2,17305714,21433000
1,2,33517627,26120571.43
1,2,14390500,36557714.29
1,2,131806190,84546523.14
1,2,61630228,39482857.14
1,2,67622857,62004857.14
1,2,44630000,43444571.43
1,2,35500000,22376142.86
1,2,32964718,29302857.14
1,2,32640000,22544857.14
1,2,349600000,145051714.3
1,2,49160000,7770285.714
1,2,23360000,38142857.14
1,2,18504000,12576142.86
1,2,56613000,86411000
1,2,72490000,72209942.86
1,2,21905000,26995714.29
1,2,19910668,14991714.29
1,2,66542000,57201554.29
1,2,48270000,52323142.86
1,2,47900000,80414285.71
1,2,8840000,22742857.14
1,2,44450000,46480642.86
1,2,68480000,56508857.14
1,2,9200712,21266428.57
1,2,39444000,22324571.43
1,2,122600000,74384000
1,2,47263000,51239857.14
1,2,49090000,46219428.57
1,2,39150000,29376285.71
1,2,25522935,35720571.43
1,2,137730000,102630428.6
1,2,28900000,39020000
1,2,54950000,54431428.57
1,2,37550000,54322714.29
1,2,16525000,36955285.71
1,2,35374000,37193000
1,2,3600000,19169285.71
1,2,49900000,36314285.71
1,2,60030000,49792142.86
1,2,34519000,32846285.71
1,2,16275000,19731428.57
1,2,63818572,24442000
1,2,37873334,23258135.71
1,2,26626000,34332114.29
1,2,24269068,42098000
1,2,27632000,38026571.43
1,2,63250000,34221714.29
1,2,10138960,38648571.43
1,2,61800000,38313714.29
1,2,23450000,44058857.14
1,2,16725000,30717285.71
1,2,88786000,33696285.71
1,2,17033000,25111177.14
1,2,35277142,45933571.43
1,2,78050000,81753171.43
1,2,42420000,31179285.71
1,2,55200000,18927714.29
1,2,18450000,38121857.14
1,2,40676000,45756000
1,2,59967000,58659214.29
1,2,21635000,36011000
1,2,37779000,42857428.57
1,2,22026743,22391428.57
1,2,16520000,26584857.14
1,2,45930000,45336142.86
1,2,19200000,56854285.71
1,2,84200000,82267428.57
1,2,35490000,24157142.86
1,2,42702857,39383714.29
1,2,31824000,31335428.57
1,2,10088000,32143857.14
1,2,17164706,38423142.86
1,2,4100000,29842857.14
1,2,15161441,26857571.43
1,2,12820000,16855714.29
1,2,83616666,19474000
1,2,19630580,44588000
1,2,41007585,19502142.86
1,2,184650000,184611142.9
1,2,62940000,70529714.29
1,2,31925000,48685571.43
1,2,39791000,36850857.14
1,2,45668571,45421436.57
1,2,25300000,76157142.86
1,2,32150000,34940000
1,2,88865800,56541857.14
1,2,13440294,49101714.29
1,2,23762572,24375714.29
1,2,36500000,36334571.43
1,2,36300000,37645714.29
1,2,114378000,112511428.6
1,2,40761336,49024857.14
1,2,53100000,24086857.14
1,2,28479600,28348571.43
1,2,45200000,44487714.29
1,2,42679779,57093285.71
1,2,258905000,80524714.29
1,2,31570000,34750571.43
1,2,33422000,61587571.43
1,2,29760000,119016428.6
1,2,16434000,25828714.29
1,2,8555741,24323000
1,2,47642856,60035017.14
1,2,27680919,46481428.57
1,2,4220741,26043571.43
1,2,23000000,22890714.29
1,2,44830228,44988285.71
1,2,31040000,43178857.14
1,2,99977557,95518428.57
1,2,51050000,50935714.29
1,2,16565000,20368285.71
1,2,18346428,48980142.86
1,2,34918046,27440714.29
1,2,164152000,84376714.29
1,2,50120000,103999428.6
1,2,13485000,30185142.86
1,2,37660000,40998000
1,2,32390000,56962857.14
1,2,17720000,29560571.43
1,2,32116000,31308571.43
1,2,40200000,52370000
1,2,106614000,102703428.6
1,2,27577143,25006285.71
1,2,82438000,72260285.71
1,2,36700000,36626428.57
1,2,10800000,38531571.43
1,2,60145000,59826285.71
1,2,34615114,52854000
1,2,64560000,64495285.71
1,2,76130000,61410714.29
1,2,52654857,52708142.86
1,2,103748000,87554160
1,2,57762000,55229785.71
1,2,21836081,30768571.43
1,2,12225000,23555428.57
1,2,80371428,44600428.57
1,2,46900000,43153285.71
1,2,24700000,17788857.14
1,2,25275000,25345714.29
1,2,26200000,28330000
1,2,55000000,41886285.71
1,2,28200000,27617142.86
1,2,36801471,36235185.71
1,2,51600000,34026428.57
1,2,47320000,42753428.57
1,2,37549999,49140571.43
1,2,11919000,17022000
1,2,35400000,38516857.14
1,2,13538371,19517142.86
1,2,59600000,48643245.71
1,2,88420000,48181285.71
1,2,9219440,19207428.57
1,2,26250000,28647285.71
1,2,57310000,48667428.57
1,2,66204287,72495428.57
1,2,148720000,145037428.6
1,2,83766858,26236000
1,2,22711000,48525411.43
1,2,20197000,28760000
1,2,41300000,40140000
1,2,89400000,93119428.57
1,2,48478500,55858714.29
1,2,9415000,64529428.57
1,2,55411800,44974085.71
1,2,104962857,77253714.29
1,2,51665000,24806000
1,2,155109000,149216571.4
1,2,10080000,24535285.71
1,2,23400000,21369000
1,2,8993779,51516125.71
1,2,9594286,7814000
1,2,9000000,27707700
1,2,28446509,40590857.14
1,2,19362247,39408571.43
1,2,65210000,79932142.86
1,2,88800000,89286428.57
1,2,8100000,20567428.57
1,2,83900000,57625142.86
1,2,50068000,64199142.86
1,2,38401532,20789714.29
1,2,166575714,53061571.43
1,2,31775000,33127714.29
2,1,38400000,40165714.29
2,1,14030000,35061357.14
2,1,13464286,24444571.43
2,1,17571500,18548357.14
2,1,41600000,40197000
2,1,30681160,36440571.43
2,1,12100000,11459285.71
2,1,64061511,19314285.71
2,1,12486000,12166857.14
2,1,59000000,83896857.14
2,1,6984000,35532428.57
2,1,9120000,19002000
2,1,275660000,35884428.57
2,1,42000000,25195571.43
2,1,7130000,19947125.71
2,1,26400000,13858857.14
2,1,21600000,20938142.86
2,1,10681000,14777428.57
2,1,23850000,39634142.86
2,1,61240000,72619428.57
2,1,17309824,21813571.43
2,1,48900000,53080285.71
2,1,48760000,41977857.14
2,1,10969068,19331542.86
2,1,55386541,37716285.71
2,1,20501336,43268142.86
2,1,97243371,61959000
2,1,22967142,17859914.29
2,1,29175000,34338428.57
2,1,22390000,49278142.86
2,1,42000000,52612857.14
2,1,20000000,103761428.6
2,1,25800000,12688428.57
2,1,43677000,28290571.43
2,1,33903435,10532000
2,1,161540000,82035714.29
2,1,17026046,19611142.86
2,1,23466230,19252714.29
2,1,31800000,28396000
2,1,3272000,25903285.71
2,1,9667143,21410285.71
2,1,33155428,20083428.57
2,1,34316000,55226571.43
2,1,6520000,8023714.286
2,1,24600000,36877428.57
2,1,147625714,55433428.57
2,1,29300000,21097142.86
2,1,60000000,51391428.57
2,1,39572000,24345865.14
2,1,47300000,36430428.57
2,1,31040000,29720231.43
2,1,7638445,38596571.43
2,1,14817557,27772285.71
2,1,52142000,43112000
2,1,23931668,55200000
2,1,23713717,17191714.29
2,1,17082000,31832571.43
2,1,44680000,44587142.86
2,1,22782857,31359142.86
2,1,43450000,43351714.29
2,1,60900000,86093000
2,1,23500000,25335142.86
2,1,6600000,8841428.571
2,1,46770000,39918857.14
2,1,51533571,51260571.43
2,1,36771500,28220357.14
2,1,25200000,17312571.43
2,1,52500000,34008857.14
2,1,9760000,33498000
2,1,24721000,35113142.86
2,1,35993814,36304428.57
2,1,8000000,32188571.43
2,1,80600000,67737428.57
2,1,41000000,23654714.29
2,1,44500000,38720142.86
2,1,17400000,21235000
2,1,7542000,24802714.29
2,1,5400000,26035714.29
2,1,28920000,31687000
2,1,25093541,29455857.14
2,1,138670000,45260000
2,1,32900000,42348579.43
2,1,43937000,25172857.14
2,1,29742857,31361142.86
2,1,21652500,28077142.86
2,1,213365000,46433000
2,1,36077759,47280000
2,1,35056000,37530800
2,1,190120000,59003428.57
2,1,61500000,25568142.86
2,1,21406000,43495657.14
2,1,36572143,30573028.57
2,1,29340000,29272714.29
2,1,19976000,29260142.86
2,1,27200000,27303142.86
2,1,338500000,144167428.6
2,1,6280000,22085571.43
2,1,20300000,27368142.86
2,1,39650000,30344714.29
2,1,11780000,19157142.86
2,1,39630228,20332714.29
2,1,46040000,78220714.29
2,1,12180000,11687857.14
2,1,57757000,39323428.57
2,1,3200000,16300571.43
2,1,69200000,63490857.14
2,1,46880000,41600000
2,1,2000000,54311285.71
2,1,29300000,28231428.57
2,1,8218445,36893142.86
2,1,18658460,19515857.14
2,1,13450000,16558142.86
2,1,12100000,8892857.143
2,1,31286000,30586142.86
2,1,27870000,36526428.57
2,1,157400000,61640000
2,1,17400000,16123428.57
2,1,47140000,16453714.29
2,1,57440500,31866142.86
2,1,33100000,39151902.86
2,1,39200000,43370571.43
2,1,22180000,19861714.29
2,1,17800000,24164428.57
2,1,98450000,68316714.29
2,1,20836075,34627071.43
2,1,11937000,13795571.43
2,1,13708500,14091257.14
2,1,106800000,96148571.43
2,1,15764286,33487285.71
2,1,35160000,36079714.29
2,1,63606000,45029285.71
2,1,37350000,37335714.29
2,1,41150000,38447000
2,1,43600000,33583285.71
2,1,87000000,41272000
2,1,17576769,31949571.43
2,1,20500000,36452571.43
2,1,70350000,68835000
2,1,25430668,22055428.57
2,1,37322000,37194285.71
2,1,28429000,27058571.43
2,1,38215333,44199428.57
2,1,26746148,43900000
2,1,55800000,53878268.57
2,1,46000000,74238542.86
2,1,83885713,69209714.29
2,1,43888571,34855714.29
2,1,22381000,43428928.57
2,1,37000000,66577142.86
2,1,129969186,63411428.57
2,1,25180000,29854285.71
2,1,44404000,38874714.29
2,1,30492267,23605000
2,1,17000000,66957714.29
2,1,14768000,14768000
2,1,61745926,114359285.7
2,1,33180000,23883857.14
2,1,63200000,79587357.14
2,1,22350000,19066000
2,1,61400000,51583571.43
2,1,33148000,37661975.86
2,1,29160000,38452714.29
2,1,38180000,33477428.57
2,1,69815290,68395571
2,1,93922000,65995571.43
2,1,34306633,31196428.57
2,1,52485000,31405857.14
2,1,30473779,32529999.71
2,1,7800000,10244142.86
2,1,12440000,24520285.71
2,1,60699813,26010714.29
2,1,18037857,25777428.57
2,1,26405714,41585142.86
2,1,68000000,48727857.14
2,1,32261336,26804142.86
2,1,8431000,51645857.14
2,1,58500000,52376285.71
2,1,27987627,59838571.43
2,1,80450000,53811000
2,1,21950000,44292285.71
2,1,99845000,52693142.86
2,1,67100000,48254000
2,1,67158857,51282571.43
2,1,23880000,33606857.14
2,1,84313307,32596571.43
2,1,31184000,42006428.57
2,1,22851500,38036571.43
2,1,10320000,19300428.57
2,1,18353000,45191857.14
2,1,103388572,69131714.29
2,1,19690000,20583714.29
2,1,57550000,39279571.43
2,1,86640000,36736000
2,1,34800000,34641428.57
2,1,56940000,39008857.14
2,1,71010000,48259142.86
2,1,18580000,18323142.86
2,1,24068000,29946142.86
2,1,117000000,101906108.6
2,1,27240000,37422857.14
2,1,15130000,23449000
2,1,14248750,23126428.57
2,1,18323189,29348285.71
2,1,66935500,52324857.14
2,1,207000000,142286000
2,1,93636482,71626142.86
2,1,32810000,12644285.71
2,1,61398000,47466428.57
2,1,22242500,36181285.71
2,1,35835000,35557785.71
2,1,28800000,101371428.6
2,1,29368571,28954285.71
2,1,51180000,50621285.71
2,1,58990000,55205857.14
2,1,18910000,10587285.71
2,1,33475000,31180428.57
2,1,17861336,21844571.43
2,1,52180000,70318554.29
2,1,28900000,20047142.86
2,1,155700000,134714714.3
2,1,18450000,22167571.43
2,1,77400000,85615714.29
2,1,13680000,13425714.29
2,1,35193984,40747571.43
2,1,67920000,65151428.57
2,1,16185000,18800571.43
2,1,51892000,30777000
2,1,45165000,43400285.71
2,1,64676667,39115285.71
2,1,54500000,51786714.29
2,1,42630000,40920000
2,1,42868207,44748714.29
2,1,42420000,28847142.86
2,1,46117336,51266714.29
2,1,43000000,45753571.43
2,1,82059484,38485428.57
2,1,12000000,15321285.71
2,1,15740000,26290714.29
2,1,187149460,92736142.86
2,1,30820000,39535285.71
2,2,36400000,43800000
2,2,55457143,92346428.57
2,2,78300000,37285142.86
2,2,22900000,28137142.86
2,2,88404285,98209965.71
2,2,37028571,74535714.29
2,2,87000000,67998600
2,2,22200000,64121142.86
2,2,70540000,60095714.29
2,2,83417142,68611285.71
2,2,111174930,89268571.43
2,2,52937000,73439428.57
2,2,23600000,44299857.14
2,2,5873000,34192000
2,2,22914285,22904146.43
2,2,71040000,30832857.14
2,2,119900000,164735142.9
2,2,74350000,81958428.57
2,2,62400000,54348394.29
2,2,23321563,22932571.43
2,2,42000000,46435714.29
2,2,71260000,57611428.57
2,2,17565000,40209428.57
2,2,88211285,51733142.86
2,2,20076000,26291428.57
2,2,24095000,6771428.571
2,2,46700000,52002285.71
2,2,111600000,78874285.71
2,2,32047964,58065714.29
2,2,73186428,54371142.86
2,2,47959000,26377285.71
2,2,24840000,25735428.57
2,2,35528500,47098017.14
2,2,130500000,38293000
2,2,13550000,34882857.14
2,2,24832267,30098000
2,2,27050000,19607142.86
2,2,152339000,49170857.14
2,2,41300000,1371428.571
2,2,24300000,40454571.43
2,2,158300000,48365714.29
2,2,73580000,45700285.71
2,2,62000000,60520285.71
2,2,21381336,43557142.86
2,2,51240000,47679914.29
2,2,37945949,44237142.86
2,2,27840000,41108714.29
2,2,14850000,10412142.86
2,2,122900000,72847432.57
2,2,52800000,51529142.86
2,2,62025000,25411000
2,2,18400000,41522285.71
2,2,21600000,58597000
2,2,49101626,52864285.71
2,2,24200000,34511428.57
2,2,39820000,39516714.29
2,2,54000000,60318714.29
2,2,27449969,53226000
2,2,93630000,75534857.14
2,2,37624000,56015714.29
2,2,317300000,163744857.1
2,2,250867500,262322197.1
2,2,40160000,48518428.57
2,2,42000000,67962142.86
2,2,62880000,51440571.43
2,2,23500000,23157285.71
2,2,95502971,68649428.57
2,2,30490000,39041985.71
2,2,22164309,26897771.43
2,2,233700000,161793142.9
2,2,28567500,27859285.71
2,2,80667250,63799054.29
2,2,69150000,69132708
2,2,29260000,36156428.57
2,2,21000000,42922857.14
2,2,57703000,56682571.43
2,2,1484510000,124045714.3
2,2,104520000,93292285.71
2,2,55000000,50911428.57
2,2,25400000,60513142.86
2,2,145900000,64558571.43
2,2,15808000,34026000
2,2,139920000,62207057.14
2,2,36600000,34760428.57
2,2,18708000,17000714.29
2,2,42000000,40599428.57
2,2,712210000,256853885.7
2,2,42340000,25004142.86
2,2,113953450,59117164.29
2,2,47300000,43304285.71
2,2,17012000,42871428.57
2,2,32920000,21743285.71
2,2,29200000,45025857.14
2,2,75650000,57984571.43
2,2,29665286,29995285.71
2,2,39495000,36416285.71
2,2,36700000,40446857.14
2,2,61420000,62571142.86
2,2,52000000,35168285.71
2,2,20985714,20072142.86
2,2,52322857,54642714.29
2,2,613298056,31990857.14
2,2,34440000,34214005.71
2,2,21600000,18750857.14
2,2,31801000,45679571.43
2,2,14180000,34990714.29
2,2,184050000,122761428.6
2,2,116474000,118238714.3
2,2,38350000,41355714.29
2,2,51070819,50898571.43
2,2,3360211,17106428.57
2,2,214600000,162982857.1
2,2,82850000,62214714.29
2,2,66500000,36260285.71
2,2,182100000,245971714.3
3,1,40756000,36961285.71
3,1,59711427,81424285.71
3,1,12882779,24510142.86
3,1,270400000,94045428.57
3,1,99900000,19978000
3,1,29312000,49885000
3,1,46100000,31532000
3,1,32710000,31228285.71
3,1,386768893,147675000
3,1,28620000,44501428.57
3,1,59010000,30680285.71
3,1,64400000,62313857.14
3,1,23000000,25329857.14
3,1,42556200,25455571.43
3,1,6200000,20238428.57
3,1,41081428,44082142.86
3,1,25315000,35849714.29
3,1,362000000,366154414.3
3,1,27700000,29595714.29
3,1,365550000,186882714.3
3,1,17068000,28018000
3,1,102000000,71851857.14
3,1,51906046,71119285.71
3,1,312000000,244210000
3,1,9150000,34601428.57
3,1,6050000,17687142.86
3,1,9500000,15111285.71
3,1,140500000,137670000
3,1,84929000,69407571.43
3,1,48000000,36349142.86
3,1,20078000,19178285.71
3,1,41130000,48498428.57
3,1,66670000,47548428.57
3,1,12707857,18738571.43
3,1,53383429,36999000
3,1,44000000,43204714.29
3,1,172000000,112884571.4
3,1,20592000,48127714.29
3,1,98350000,58971108.57
3,1,36050000,35441428.57
3,1,48200000,48031000
3,1,67700000,67255714.29
3,1,334800000,80494285.71
3,1,69400000,50643857.14
3,1,4153837,18286000
3,1,32400000,25585857.14
3,1,30960000,26273142.86
3,1,45765000,43876000
3,1,8873000,15334285.71
3,1,71010000,64944928.57
3,1,51332142,72968142.86
3,1,270000000,266320000
3,1,49790000,49418571.43
3,1,155000000,88074285.71
3,1,23460000,29214514.29
3,1,87393571,59867428.57
3,1,10105387,20106428.57
3,1,30973428,30931428.57
3,1,24400000,23454857.14
3,1,56614285,51793428.57
3,1,323351087,134316942.9
3,1,23119644,26372571.43
3,1,55650000,50212285.71
3,1,11400000,59152714.29
3,1,30597143,27944000
3,1,90148571,93571982.86
3,1,28800000,23254428.57
3,1,28260000,32064857.14
3,1,22779534,30768571.43
3,1,10400000,7710000
3,1,33707557,125873285.7
3,1,15399000,25225714.29
3,1,117317142,58887142.86
3,1,60900000,34907428.57
3,1,80104534,77107142.86
3,1,117000000,104688571.4
3,1,266600000,259998000
3,1,87678571,49006714.29
3,1,110600000,108596285.7
3,1,65300000,65013285.71
3,1,86607000,116679300
3,1,100120000,74688142.86
3,1,96335000,25289714.29
3,1,71460000,90957714.29
3,1,38400000,24918142.86
3,1,106980000,57332300
3,1,24362856,26158571.43
3,1,22000000,25580771.43
3,1,10552000,43393857.14
3,1,31500000,44339142.86
3,1,114553414,62299571.43
3,1,24300000,44631857.14
3,1,28185000,31519428.57
3,1,85868571,84696571.43
3,1,76952500,37932000
3,1,34439000,24691714.29
3,1,46908000,46773628.57
3,1,47200000,63296002
3,1,62900000,22232834.29
3,1,32100000,42197000
3,1,24000000,29541428.57
3,1,125100000,153490142.9
3,1,75948000,61060428.57
3,1,121000000,66537142.86
3,1,83427671,91491714.29
3,1,49900000,71331428.57
3,1,34060000,93496000
3,1,78800000,52113285.71
3,1,43250000,34858000
3,1,78450000,67275857.14
3,1,23561336,28106571.43
3,1,3600000,14989000
3,1,84246465,46242142.86
3,1,49000000,53457142.86
3,1,20000000,28820000
3,1,17995000,19407142.86
3,1,55620000,39664571.43
3,1,52550000,52495714.29
3,1,55000000,66035857.14
3,1,60884000,47108171.43
3,1,265666553,86865714.29
3,1,39350000,33459357.14
3,1,98420000,91047857.14
3,1,70814889,71599714.29
3,1,27075114,27200714.29
3,1,19700000,15197381.29
3,1,34700000,30150000
3,1,7300000,22411000
3,1,47800000,35731571.43
3,1,36500000,109465857.1
3,1,12100000,49500000
3,1,84000000,68802142.86
3,1,280450000,277454571.4
3,1,34785714,32924571.43
3,1,47086000,56024642.86
3,1,73575000,73369000
3,1,19510000,28418571.43
3,1,41249000,41427502.14
3,1,21280000,47123714.29
3,1,30640500,42242142.86
3,1,27868571,28599285.71
3,1,31264000,29941142.86
3,1,21100000,17715571.43
3,1,30350000,17514428.57
3,1,10200000,29095000
3,1,14400000,21733000
3,1,48800000,45594285.71
3,1,284113000,260402857.1
3,1,184566666,157810000
3,1,64622857,64312126.14
3,1,25571429,23226285.71
3,1,50000000,48113142.86
3,1,37000000,44754428.57
3,1,25400000,59300285.71
3,1,26372857,22316857.14
3,1,19218571,39776000
3,1,57700000,43437285.29
3,1,109300000,58220000
3,1,38666857,34650857.14
3,1,35163534,36009571.43
3,1,241400000,153323000
3,1,45330000,38942142.86
3,1,60613000,61959000
3,1,69742857,54987571.43
3,1,80158000,33310285.71
3,1,62100000,36720428.57
3,1,14498262,20851428.57
3,1,29850000,38850285.71
3,1,66718857,58498857.14
3,1,57647000,50606600
3,1,17079573,17185285.71
3,1,19316000,20337142.86
3,1,59542857,60148000
3,1,144000000,83377142.86
3,1,44260000,57552285.71
3,1,67148000,64158000
3,1,79227142,63121500
3,1,107680000,79138822.86
3,1,41336000,37437000
3,1,113412972,70128571.43
3,1,19950000,24628597.14
3,1,145000000,79900000
3,1,37280000,42561142.86
3,1,108900000,97351714.29
3,1,23500000,45248857.14
3,1,163100000,20833428.57
3,1,409000000,439026857.1
3,1,30700000,30379857.14
3,1,137405000,35602571.43
3,1,51800000,42790857.14
3,1,105000000,113844000
3,1,13421000,27758714.29
3,1,45600000,50605714.29
3,1,21600000,17857142.86
3,1,107261428,80630000
3,1,21694000,24631428.57
3,1,54714285,57648857.14
3,1,34997142,35091000
3,1,98490000,102613571.4
3,1,39300000,38402428.57
3,1,6891359,19378285.71
3,1,72850000,74344657.14
3,1,40200000,40641142.86
3,1,44025714,51767651.43
3,1,119120000,42445285.71
3,1,25290000,40217857.14
3,1,50600000,43230000
3,1,39400000,38421428.57
3,1,4226731,23432857.14
3,1,12000000,107355571.4
3,1,35984200,33095428.57
3,1,21114200,19736857.14
3,1,64400000,38162857.14
3,1,32800000,31260142.86
3,1,9374284,12794857.14
3,1,18474928,19067428.57
3,1,6636428,17907857.14
3,1,441800000,413085000
3,1,76800000,41584828.57
3,1,54220000,70486428.57
3,1,77800000,66742142.86
3,1,52028571,44812142.86
3,1,62236728,62169714.29
3,1,41050000,32632857.14
3,1,16875000,31895714.29
3,1,22485000,31430714.29
3,1,80817000,50670428.57
3,1,61260000,69587571.43
3,1,100600000,106221428.6
3,1,13988571,23478000
3,1,75000000,63270857.14
3,1,52600000,77105142.86
3,1,34092000,70962285.71
3,1,18406000,27036285.71
3,1,87000000,45466571.43
3,1,137500000,50101428.57
3,1,28950000,28875714.29
3,1,40930000,46628285.71
3,1,25845928,29003142.86
3,1,56076000,58787428.57
3,1,44836290,75853428.57
3,1,75117000,88902142.86
3,1,12000000,22611428.57
3,1,22080000,23004571.43
3,1,26751428,39174268.57
3,1,27100000,33877142.86
3,1,137029783,109119071.4
3,1,16590000,18781000
3,1,15792000,15338285.71
3,1,31370000,77474285.71
3,1,100200000,80614285.71
3,1,8300000,69662857.14
3,1,40725000,36086285.71
3,1,26380000,26321428.57
3,1,175657714,141430571.4
3,1,41099143,29789714.29
3,1,21680650,25553394.14
3,1,26455700,15323142.86
3,1,97800000,79047571.43
3,1,30267208,39752571.43
3,1,69216000,45954285.71
3,1,4600000,4578571.429
3,1,17600000,60651857.14
3,1,91833333,87940000
3,1,42384534,44831713.71
3,1,47000000,75667428.57
3,1,44980000,35089857.14
3,1,19518627,24133000
3,1,49650000,49347142.86
3,1,197000000,83305000
3,1,277600000,92987857.14
3,1,121524732,105304428.6
3,1,28000000,15750000
3,1,41219000,39464285.71
3,1,62443000,74183285.71
3,1,38187000,34677571.43
3,1,169600000,45345571.43
3,1,170904000,43772285.71
3,1,64000000,40959142.86
3,1,73300000,41892857.14
3,1,72630000,46936457.14
3,1,68830000,27844428.57
3,1,34655420,33391285.71
3,1,205000000,201377857.1
3,1,29077324,29681142.86
3,1,46650000,53115142.86
3,1,37000000,34300000
3,1,44000000,42088642.86
3,1,34000000,34782285.71
3,1,18325000,18988571.43
3,1,18377857,17782285.71
3,1,43304000,56114857.14
3,1,75744000,50395285.71
3,1,47568000,46991428.57
3,1,61600000,33582428.57
3,1,115400000,99258571.43
3,1,48536000,48717285.71
3,1,78369000,76477857.14
3,1,34667142,32854428.57
3,1,21989571,21476142.86
3,1,55062000,63633571.43
3,1,36016000,42194571.43
3,1,98350000,76650000
3,1,35141907,48463428.57
3,1,31046004,40848857.14
3,1,59300000,51923428.57
3,1,45000000,52139142.86
3,1,88300000,68301142.86
3,1,51600000,45941714.29
3,1,29600000,29057000
3,1,46480000,41551000
3,1,566142857,150644840
3,1,299863000,93669142.86
3,1,100264000,96952285.71
3,1,315520000,376647428.6
3,1,33100000,41512000
3,1,67550000,15895714.29
3,1,102900000,79792857.14
3,1,65400000,64954142.86
3,1,21190000,23803571.43
3,1,97081000,68125000
3,1,68850000,80511428.57
3,1,61843000,42624714.29
3,1,3350000,31273090
3,1,33352000,33751142.86
3,1,45150000,45084000
3,1,86320000,63684000
3,1,38375713,40464285.71
3,1,107490000,104644714.3
3,1,35298340,34117142.86
3,1,23200000,24933000
3,1,21700000,47484285.71
3,1,22220000,33559857.14
3,1,44300000,48552857.14
3,1,244000000,101585714.3
3,1,133205000,90715285.71
3,1,44741000,45279285.71
3,1,91000000,90745714.29
3,1,315000000,218522857.1
3,1,38875000,42480000
3,1,32188752,33729428.57
3,1,39830000,38488571.43
3,1,59900000,43554571.43
3,1,30000000,59074142.86
3,1,80800000,69848571.43
3,1,184800000,104412285.7
3,1,8596000,22650428.57
3,1,123000000,106245714.3
3,1,40264000,65437714.29
3,1,65511000,37557714.29
3,1,57650000,56928871.43
3,1,14056000,16810142.86
3,1,15000000,41314285.71
3,1,24011428,84366142.86
3,1,20180000,38788285.71
3,1,20380000,20393571.43
3,1,146540000,120792142.9
3,1,72230000,71770499.43
3,1,86500000,60031857.14
3,1,49000000,48052257.14
3,1,43457142,34337142.86
3,1,96181428,166520600
3,1,5000000,26084285.71
3,1,35300000,42506285.71
3,1,84000000,83757142.86
3,1,150000000,22755714.29
3,1,6000000,11410000
3,1,120000000,36747571.43
3,1,54080000,102486000
3,1,23501429,26818571.43
3,1,11400000,33863000
3,1,50000000,45535000
3,1,14210955,52316285.71
3,1,45000000,30473285.71
3,1,305128571,314121428.6
3,1,43000000,32045142.86
3,1,16200000,21872857.14
3,1,152170000,13402428.57
3,1,96400000,39812857.14
3,1,16289760,20772142.86
3,1,24600000,21363285.71
3,1,19900000,45301428.57
3,1,46000000,27525428.57
3,1,19930000,45107428.57
3,1,141015000,200867857.1
3,1,65733439,59813428.57
3,1,55300000,107573571.4
3,1,76674285,85560000
3,1,19574572,30089285.71
3,1,111042000,51273142.86
3,1,42000000,28497428.57
3,1,34400000,45302285.71
3,1,8050000,11196000
3,1,25093057,21598342.86
3,1,150875857,151265328.6
3,1,62680000,33515428.57
3,1,211000000,42619428.57
3,1,29400000,45178000
3,1,31966000,29999428.57
3,1,44400000,32933142.86
3,1,112254285,96024914.29
3,1,100919000,107847428.6
3,1,129851881,63750285.71
3,1,33300000,29707820.57
3,1,55440000,36827142.86
3,1,25358000,21857428.57
3,1,38474000,47713285.71
3,1,32467000,30970785.71
3,1,25000000,42244357.14
3,1,37750000,43283428.57
3,1,31722449,20139285.71
3,1,70540000,88159428.57
3,1,49900000,28363428.57
3,1,52792000,54165464.57
3,1,120820000,140685571.4
3,1,13128000,12057000
3,1,44585000,67537000
3,1,28271400,30762985.71
3,1,18000000,53600000
3,1,54917000,35658142.86
3,1,82558000,34089285.71
3,1,80153379,49526428.57
3,1,70650000,51448571.43
3,1,91700000,74201428.57
3,1,100500000,133597142.9
3,1,35500000,30484428.57
3,1,89000000,73881428.57
3,1,67575000,67517714.29
3,1,67033000,89139857.14
3,1,36144000,42371428.57
3,1,249900000,62522142.86
3,1,120900000,64713714.29
3,1,56150000,27616785.71
3,1,75690000,174260000
3,1,6290858,22869428.57
3,1,153000000,75561428.57
3,1,78150000,76673142.86
3,1,52000000,47968142.86
3,1,58842571,38185428.57
3,1,20000000,197931428.6
3,1,61100000,41880857.14
3,1,123600000,120934285.7
3,1,73200000,82933142.86
3,1,138000000,90031428.57
3,1,56500000,63940982.86
3,1,15600000,21952571.43
3,1,78569860,47053000
3,1,43970053,47171428.57
3,1,1269380000,108841000
3,1,6240741,20472714.29
3,1,66250000,106077142.9
3,1,5200000,20073571.43
3,1,279627500,213645074.3
3,1,92070000,92020714.29
3,1,86000000,39562285.71
3,1,92280000,53771714.29
3,1,106500000,103851714.3
3,1,74800000,45209845.71
3,1,75700000,55823714.29
3,1,188949571,82813142.86
3,1,51174000,55631571.43
3,1,82800000,85231142.86
3,1,26470000,23207142.86
3,1,48162882,51069571.43
3,1,29028000,43393714.29
3,1,167000000,95307142.86
3,1,52200000,26025714.29
3,1,129000000,105881714.3
3,1,193800000,112918857.1
3,1,96110000,72145428.57
3,1,165500000,62004285.71
3,1,7800000,44006485.71
3,1,285400000,57436571.43
3,1,243085761,55442571.43
3,1,60360000,24005857.14
3,1,54000000,52926428.57
3,1,149914285,51153285.71
3,1,13940000,23733571.43
3,1,142330000,123328571.4
3,1,78903000,64802571.43
3,1,95508571,103440142.9
3,1,187100000,144420000
3,1,83000000,60709857.14
3,1,233265114,90435000
3,1,42085714,55587857.14
3,1,80800000,80783571.43
3,1,36800000,59230000
3,1,33740000,109099571.4
3,1,150800000,54998571.43
3,1,41400000,50688000
3,1,87600000,63184428.57
3,1,151313571,58289920
3,1,34500000,37434285.71
3,1,39141428,50972857.14
3,1,225650000,197398571.4
3,1,43714285,28230008
3,1,200000000,198272857.1
3,1,151840000,149328571.4
3,1,755400000,331557142.9
3,1,41671428,25389285.71
3,1,125400000,115043428.6
3,1,93900000,62505714.29
3,1,890800000,158990857.1
3,1,105340000,137852142.9
3,1,63200000,59620428.57
3,1,109000000,131192000
3,1,24096000,35860428.57
3,1,331810812,67480000
3,1,26038571,24105428.57
3,1,42100000,47685571.43
3,1,91600000,102094714.3
3,1,125200000,99354857.14
3,1,281550000,87765428.57
3,1,128100000,57304728.57
3,1,39000000,43950571.43
3,1,14260000,19012285.71
3,1,29753000,33833571.43
3,1,40350000,32458857.14
3,1,137050000,53348571.43
3,1,273600000,83343285.71
3,1,105051000,95427571.43
3,1,117000000,147537142.9
3,1,283700000,89320142.86
3,1,177200000,89715714.29
3,1,82000000,76744285.71
3,1,44905334,28216571.43
3,1,43000000,36652142.86
3,1,285180000,131985000
3,1,69904000,68552857.14
3,1,64390000,55032571.43
3,1,166000000,65175214.29
3,1,204240000,75020571.43
3,1,180000000,76962142.86
3,1,44614286,33938714.29
3,1,67461655,54944285.71
3,1,98100000,87450857.14
3,1,23300000,55110697.14
3,1,166193371,105693142.9
3,1,126000000,61741428.57
3,1,301344142,90228000
3,1,96900000,140053645.7
3,1,17780000,16796428.57
3,1,224057142,166778571.4
3,1,105000000,58112142.86
3,1,340931668,263711428.6
3,1,121000000,110022857.1
3,1,188426000,39484142.86
3,1,29100000,38462357.14
3,1,172000000,113036857.1
3,1,249357142,203597714.3
3,1,155236000,161757571.4
3,1,275250789,155938760
3,1,181588571,214364714.3
3,1,111500000,130639285.7
3,1,8400000,32632714.29
3,1,50450000,57269142.86
3,1,272300000,101870942.9
3,1,1704000000,266294285.7
3,1,129500000,125734857.1
3,2,25998572,14667357.14
3,2,39140000,57247571.43
3,2,115800000,69758714.29
3,2,31584000,39317714.29
3,2,10176000,19037285.71
3,2,13682919,17638214.29
3,2,64250000,75159428.57
3,2,40480000,57107857.14
3,2,22960000,23751714.29
3,2,48214285,47802142.86
3,2,51740000,31505571.43
3,2,57927500,35995000
3,2,49400000,36443142.86
3,2,150000000,108367857.1
3,2,130800000,119177128.6
3,2,93800000,93671828.57
3,2,85600000,44900857.14
3,2,203265000,115311571.4
3,2,69687143,55838571.43
3,2,17061482,40025142.86
3,2,191084000,73527142.86
3,2,22000000,42964285.71
3,2,165000000,82160000
3,2,77708000,76253285.71
3,2,72142000,65185000
3,2,141290000,65246000
3,2,41575000,41478571.43
3,2,114000000,117806428.6
3,2,58230000,25146285.71
3,2,51760000,40896428.57
3,2,34936677,54184028.57
3,2,50786000,58997285.71
3,2,50550000,52197142.86
3,2,109090000,125595534.9
3,2,34480000,34407142.86
3,2,26690000,28509428.57
3,2,63750000,58084714.29
3,2,73500000,51445714.29
3,2,88357040,60913714.29
3,2,83740000,65870000
3,2,41848571,41758571.43
3,2,1003300000,983690000
3,2,47030622,62006857.14
3,2,86915000,70055000
3,2,93242800,65508142.86
3,2,101000000,89694428.57
3,2,271000000,184264000
3,2,118113000,20141714.29
3,2,46960000,32448571.43
3,2,60068450,61217142.86
3,2,57265000,50538428.57
3,2,65800000,71548571.43
3,2,121600000,121116571.4
3,2,49430000,41871142.86
3,2,49081666,60149822.86
3,2,38610000,32066600
3,2,50978571,42510428.57
3,2,32000000,99276000
3,2,39195928,44500714.29
3,2,25030000,50616714.29
3,2,29691500,30554571.43
3,2,73499707,72885998.14
3,2,113000000,113515714.3
3,2,80200000,107130000
3,2,38740000,55687154.86
3,2,110000000,73135142.86
3,2,44150000,46734000
3,2,65250000,35847142.86
3,2,24000000,106902857.1
3,2,153600000,150150285.7
3,2,333250000,219733857.1
3,2,28505411,42534285.71
3,2,77008000,36379293.71
3,2,34840000,66128000
3,2,28200000,35379142.86
3,2,85397428,51066403.43
3,2,195325000,209380000
3,2,39110714,33740285.71
3,2,104245834,152101714.3
3,2,14400000,17863314.29
3,2,50200000,42451714.29
3,2,79150000,59695428.57
3,2,86200000,77124857.14
3,2,61950000,66501285.71
3,2,117600000,80255714.29
3,2,31004000,31579285.71
3,2,41200000,34361571.43
3,2,34393000,42644285.71
3,2,212642000,57743642.86
3,2,23057800,27095857.14
3,2,186000000,140657142.9
3,2,349150000,138403571.4
3,2,41162442,41104857.14
3,2,39397142,41311285.71
3,2,170200000,164201428.6
3,2,171400000,151109285.7
3,2,55945000,72760142.86
3,2,64932000,60525857.14
3,2,21000000,20707428.57
3,2,14018000,38322285.71
3,2,34060000,52665285.71
3,2,64475000,42428285.71
3,2,18997000,25734000
3,2,490200000,88520000
3,2,26680000,34915428.57
3,2,56026000,78382285.71
3,2,58150000,30479428.57
3,2,26736000,47484571.43
3,2,75000000,133656000
3,2,409360000,134712000
3,2,23930000,29710000
3,2,105000000,83539697.14
3,2,84000000,19497142.86
3,2,9696174,21780714.29
3,2,7676590,32440000
3,2,41740000,54004285.71
3,2,70768000,62294000
3,2,65000000,71159428.57
3,2,23960000,23117714.29
3,2,11778000,31812571.43
3,2,127892000,104850697.1
3,2,49327502,35600000
3,2,30551000,69118285.71
3,2,68880000,73869635.43
3,2,31815000,41267514.29
3,2,618500000,356160714.3
3,2,30980000,42847714.29
3,2,52800000,28162857.14
3,2,13879996,41271942.86
3,2,12850000,20655428.57
3,2,329600000,164989485.7
3,2,103500000,81647428.57
3,2,47920000,45247857.14
3,2,206000000,77690571.43
3,2,94800000,86055142.86
3,2,32000000,33066285.71
3,2,47330000,56328714.29
3,2,66000000,77428428.57
3,2,49864000,40988857.14
3,2,42100000,51995125.71
3,2,47000000,32575428.57
3,2,106050000,102228942.9
3,2,11999824,26570428.57
3,2,87672857,69652428.57
3,2,134400000,41591714.29
3,2,42040000,22689428.57
3,2,47320000,53150142.86
3,2,84020000,35352857.14
3,2,78000000,107865714.3
3,2,39690000,31333571.43
3,2,195800000,130328000
3,2,34307393,24217000
3,2,48976000,36256000
3,2,81871429,59861714.29
3,2,267150000,119156285.7
3,2,87357285,42009142.86
3,2,231312366,82403428.57
3,2,5300000,23229000
3,2,40200000,31356857.14
3,2,63600000,28790428.57
3,2,42814938,66000285.71
3,2,131800000,98430000
3,2,52154286,53330714.29
3,2,102000000,46531428.57
3,2,73435428,67863150.86
3,2,113364000,57648142.86
3,2,96700000,76722857.14
3,2,40140000,41924142.86
3,2,124800000,65854857.14
3,2,12060000,36859285.71
3,2,85842000,64759142.86
3,2,139000000,108982214.3
3,2,47975000,39887714.29
3,2,14400000,43232571.43
3,2,1160520000,220170000
3,2,39600000,32394285.71
3,2,12300000,38656428.57
3,2,33600000,45413428.57
3,2,30960000,30087714.29
3,2,78400000,100117142.9
3,2,305781667,43569000
3,2,64094285,40839785.71
3,2,46696046,51268285.71
3,2,39560000,39405714.29
3,2,97600000,62107714.29
3,2,107550000,29081000
3,2,41792000,40138571.43
3,2,80770000,61532857.14
3,2,250722000,200280142.9
3,2,59827000,39312285.71
3,2,54000000,61480285.71
3,2,274000000,101118571.4
3,2,215400000,59848142.86
3,2,837066666,588190000
3,2,119320000,121273714.3
3,2,163200000,163137142.9
3,2,499500000,178913714.3
3,2,85092000,88801714.29
3,2,193375000,264586571.4
3,2,58250000,65035714.29
3,2,51260000,46673714.29
3,2,109025000,78154142.86
3,2,106038285,146645285.7
3,2,151487100,140133428.6
3,2,131771428,82133485.71
3,2,75500000,81078714.29
3,2,199000000,108806000
3,2,55500000,85506645.71
3,2,102000000,39212857.14
3,2,148800000,52437360
3,2,41900000,40817142.86
3,2,96660000,78896285.71
3,2,176400000,53725000
3,2,230384000,125510965.7
3,2,118092857,100712000
3,2,942000000,100833714.3
3,2,158292000,88992285.71
3,2,80000000,92474285.71
3,2,132630778,107755257.1
3,2,54500000,95360000
3,2,53202000,47397142.86
3,2,274060000,110503428.6
3,2,63600000,63725714.29
3,2,101500000,71397857.14
3,2,-20642858,96403142.86
3,2,152350000,98136125.71
3,2,110100000,66479142.86
3,2,244100000,223025714.3
3,2,840200000,409495714.3
3,2,98760000,74534772.57
3,2,46300000,79294285.71
3,2,168900000,154670285.7
3,2,50360000,47512285.71
3,2,134700000,77274285.71
3,2,1924000000,74457714.29
3,2,1000000000,182765714.3
3,2,222565000,130583571.4
3,2,151070000,73757142.86
3,2,381376571,266364285.7
3,2,130018000,100990714.3
3,2,180200000,533555142.9
3,2,269750000,84997142.86
3,2,133428572,106373142.9
3,2,177210000,74716571.43
3,2,179400000,130167142.9
3,2,862000000,191304285.7
